URL,type
101com.com,ads
101order.com,ads
180hits.de,ads
180searchassistant.com,ads
1link2020.com,ads
1rx.io,ads
207.net,ads
247media.com,ads
24log.com,ads
24pm-affiliation.com,ads
2mdn.net,ads
2o7.net,ads
2znp09oa.com,ads
30ads.com,ads
3337723.com,ads
33across.com,ads
360yield.com,ads
3lift.com,ads
3o9s.short.gy,ads
4d5.net,ads
4info.com,ads
4jnzhl0d0.com,ads
50websads.com,ads
518ad.com,ads
5mcwl.pw,ads
6ldu6qa.com,ads
6sc.co,ads
777partner.com,ads
77tracking.com,ads
7bpeople.com,ads
7cnq.net,ads
7search.com,ads
82o9v830.com,ads
a-ads.com,ads
a.mktw.net,ads
a.muloqot.uz,ads
a.sakh.com,ads
a.ucoz.net,ads
a.ucoz.ru,ads
a.vartoken.com,ads
a.vfghd.com,ads
a.vfgtb.com,ads
a.xanga.com,ads
a135.wftv.com,ads
a5.overclockers.ua,ads
aa-metrics.beauty.hotpepper.jp,ads
aa-metrics.recruit-card.jp,ads
aa-metrics.trip-ai.jp,ads
aaddzz.com,ads
aax-eu-dub.amazon.com,ads
aaxads.com,ads
abacho.net,ads
abackafterthought.com,ads
abackchain.com,ads
abandonedaction.com,ads
abc-ads.com,ads
ablink.comms.trainline.com,ads
ablink.news.emails-puregym.com,ads
ablinks.mail.hinge.co,ads
aboardlevel.com,ads
abruptroad.com,ads
absentstream.com,ads
absorbingband.com,ads
absorbingcorn.com,ads
abstractedauthority.com,ads
absurdwater.com,ads
abtasty.com,ads
ac.rnm.ca,ads
acemlnb.com,ads
acid-adserver.click,ads
acridtwist.com,ads
actionsplash.com,ads
actonsoftware.com,ads
actualdeals.com,ads
actuallysheep.com,ads
actuallysnake.com,ads
actuallything.com,ads
acuityads.com,ads
acuityplatform.com,ads
ad-balancer.at,ads
ad-balancer.net,ads
ad-cupid.com,ads
ad-delivery.net,ads
ad-pay.de,ads
ad-rotator.com,ads
ad-score.com,ads
ad-server.gulasidorna.se,ads
ad-space.net,ads
ad-up.com,ads
ad.71i.de,ads
ad.a8.net,ads
ad.abcnews.com,ads
ad.abctv.com,ads
ad.aboutwebservices.com,ads
ad.abum.com,ads
ad.admitad.com,ads
ad.allboxing.ru,ads
ad.altervista.org,ads
ad.amgdgt.com,ads
ad.anuntis.com,ads
ad.auditude.com,ads
ad.bitmedia.io,ads
ad.bizo.com,ads
ad.bondage.com,ads
ad.centrum.cz,ads
ad.cgi.cz,ads
ad.choiceradio.com,ads
ad.cooks.com,ads
ad.digitallook.com,ads
ad.domainfactory.de,ads
ad.exyws.org,ads
ad.foxnetworks.com,ads
ad.grafika.cz,ads
ad.gt,ads
ad.hbv.de,ads
ad.hodomobile.com,ads
ad.hyena.cz,ads
ad.iinfo.cz,ads
ad.infoseek.com,ads
ad.intl.xiaomi.com,ads
ad.jacotei.com.br,ads
ad.jetsoftware.com,ads
ad.keenspace.com,ads
ad.lgappstv.com,ads
ad.liveinternet.ru,ads
ad.lupa.cz,ads
ad.mediastorm.hu,ads
ad.mg,ads
ad.musicmatch.com,ads
ad.myapple.pl,ads
ad.mynetreklam.com.streamprovider.net,ads
ad.nachtagenten.de,ads
ad.nettvservices.com,ads
ad.nttnavi.co.jp,ads
ad.nwt.cz,ads
ad.period-calendar.com,ads
ad.profiwin.de,ads
ad.prv.pl,ads
ad.reachlocal.com,ads
ad.simflight.com,ads
ad.simgames.net,ads
ad.style,ads
ad.tapthislink.com,ads
ad.technoratimedia.com,ads
ad.tv2.no,ads
ad.universcine.com,ads
ad.usatoday.com,ads
ad.virtual-nights.com,ads
ad.wavu.hu,ads
ad.weatherbug.com,ads
ad.wsod.com,ads
ad.wz.cz,ads
ad.xiaomi.com,ads
ad.xmovies8.si,ads
ad.xrea.com,ads
ad.ztylez.com,ads
ad0.bigmir.net,ads
ad01.mediacorpsingapore.com,ads
ad1.emule-project.org,ads
ad1.kde.cz,ads
ad2.iinfo.cz,ads
ad2.lupa.cz,ads
ad2.netriota.hu,ads
ad2.nmm.de,ads
ad2.xrea.com,ads
ad3.iinfo.cz,ads
ad3.xrea.com,ads
ad4game.com,ads
ad4mat.com,ads
ad4mat.de,ads
ad4mat.net,ads
adabra.com,ads
adaction.de,ads
adadvisor.net,ads
adalliance.io,ads
adanging.blog,ads
adap.tv,ads
adapt.tv,ads
adaranth.com,ads
adbilty.me,ads
adblade.com,ads
adblade.org,ads
adblockanalytics.com,ads
adbooth.net,ads
adbot.com,ads
adbrite.com,ads
adbroker.de,ads
adbunker.com,ads
adbutler.com,ads
adbuyer.com,ads
adbuyer3.lycos.com,ads
adcampo.com,ads
adcannyads.com,ads
adcash.com,ads
adcast.deviantart.com,ads
adcel.co,ads
adcell.de,ads
adcenter.net,ads
adclick.com,ads
adclient1.tucows.com,ads
adclixx.net,ads
adcolony.com,ads
adcomplete.com,ads
adconion.com,ads
adcontent.gamespy.com,ads
adcovery.com,ads
adcycle.com,ads
add.newmedia.cz,ads
addfreestats.com,ads
additionant.com,ads
addme.com,ads
adecn.com,ads
adeimptrck.com,ads
ademails.com,ads
adengage.com,ads
adetracking.com,ads
adexc.net,ads
adexchangegate.com,ads
adexchangeprediction.com,ads
adexpose.com,ads
adext.inkclub.com,ads
adf.ly,ads
adfeed.marchex.com,ads
adflight.com,ads
adforce.com,ads
adform.com,ads
adform.net,ads
adformdsp.net,ads
adgardener.com,ads
adhaven.com,ads
adhese.be,ads
adhese.com,ads
adhigh.net,ads
adhoc4.net,ads
adhunter.media,ads
adimage.guardian.co.uk,ads
adimages.been.com,ads
adimages.carsoup.com,ads
adimages.go.com,ads
adimages.homestore.com,ads
adimages.omroepzeeland.nl,ads
adimages.sanomawsoy.fi,ads
adimg.com.com,ads
adimg.uimserv.net,ads
adimg1.chosun.com,ads
adimgs.sapo.pt,ads
adingo.jp,ads
adinjector.net,ads
adinterax.com,ads
adisfy.com,ads
adition.com,ads
adition.de,ads
adition.net,ads
adizio.com,ads
adjix.com,ads
adjug.com,ads
adjuggler.com,ads
adjuggler.yourdictionary.com,ads
adjust.com,ads
adjustnetwork.com,ads
adk2.co,ads
adk2.com,ads
adland.ru,ads
adlegend.com,ads
adlightning.com,ads
adlog.com.com,ads
adloox.com,ads
adlooxtracking.com,ads
adlure.net,ads
adm.fwmrm.net,ads
admagnet.net,ads
admailtiser.com,ads
adman.gr,ads
adman.otenet.gr,ads
admanagement.ch,ads
admanager.btopenworld.com,ads
admanager.carsoup.com,ads
admanmedia.com,ads
admantx.com,ads
admarketplace.net,ads
admarvel.com,ads
admaster.com.cn,ads
admatchly.com,ads
admedia.com,ads
admeld.com,ads
admeridianads.com,ads
admeta.com,ads
admex.com,ads
admidadsp.com,ads
adminder.com,ads
adminshop.com,ads
admix.in,ads
admixer.net,ads
admized.com,ads
admob.com,ads
admonitor.com,ads
adn.lrb.co.uk,ads
adnami.io,ads
adnet.asahi.com,ads
adnet.biz,ads
adnet.de,ads
adnet.ru,ads
adnetasia.com,ads
adnetwork.net,ads
adnetworkperformance.com,ads
adnews.maddog2000.de,ads
adnium.com,ads
adnxs-simple.com,ads
adnxs.com,ads
adocean.pl,ads
adonspot.com,ads
adoptum.net,ads
adoric-om.com,ads
adorigin.com,ads
adotmob.com,ads
adpepper.dk,ads
adpepper.nl,ads
adperium.com,ads
adpia.vn,ads
adplus.co.id,ads
adplxmd.com,ads
adprofits.ru,ads
adpushup.com,ads
adrazzi.com,ads
adreactor.com,ads
adreclaim.com,ads
adrecover.com,ads
adrecreate.com,ads
adremedy.com,ads
adreporting.com,ads
adrevolver.com,ads
adriver.ru,ads
adrolays.de,ads
adrotate.de,ads
adrotic.girlonthenet.com,ads
adrta.com,ads
ads-backend.chaincliq.com,ads
ads-bilek.com,ads
ads-click.com,ads
ads-dev.pinterest.com,ads
ads-game-187f4.firebaseapp.com,ads
ads-kesselhaus.com,ads
ads-trk.vidible.tv,ads
ads-twitter.com,ads
ads.365.mk,ads
ads.4tube.com,ads
ads.5ci.lt,ads
ads.73dpi.com,ads
ads.a-snag-smartmoney.fyi,ads
ads.aavv.com,ads
ads.abovetopsecret.com,ads
ads.aceweb.net,ads
ads.acpc.cat,ads
ads.acrosspf.com,ads
ads.activestate.com,ads
ads.adfox.ru,ads
ads.administrator.de,ads
ads.adred.de,ads
ads.adsbtc.fun,ads
ads.adstream.com.ro,ads
ads.adultfriendfinder.com,ads
ads.advance.net,ads
ads.adverline.com,ads
ads.affiliates.match.com,ads
ads.alive.com,ads
ads.alt.com,ads
ads.amdmb.com,ads
ads.amigos.com,ads
ads.annabac.com,ads
ads.apn.co.nz,ads
ads.appsgeyser.com,ads
ads.as4x.tmcs.net,ads
ads.as4x.tmcs.ticketmaster.com,ads
ads.asiafriendfinder.com,ads
ads.aspalliance.com,ads
ads.avazu.net,ads
ads.bb59.ru,ads
ads.belointeractive.com,ads
ads.betfair.com,ads
ads.bigchurch.com,ads
ads.bigfoot.com,ads
ads.bing.com,ads
ads.bittorrent.com,ads
ads.blog.com,ads
ads.bluemountain.com,ads
ads.boerding.com,ads
ads.boylesports.com,ads
ads.brabys.com,ads
ads.brazzers.com,ads
ads.bumq.com,ads
ads.canalblog.com,ads
ads.casinocity.com,ads
ads.casumoaffiliates.com,ads
ads.cbc.ca,ads
ads.cc,ads
ads.cc-dt.com,ads
ads.centraliprom.com,ads
ads.channel4.com,ads
ads.cheabit.com,ads
ads.citymagazine.si,ads
ads.clasificadox.com,ads
ads.co.com,ads
ads.colombiaonline.com,ads
ads.com.com,ads
ads.comeon.com,ads
ads.contactmusic.com,ads
ads.creative-serving.com,ads
ads.cybersales.cz,ads
ads.dada.it,ads
ads.dailycamera.com,ads
ads.deltha.hu,ads
ads.dennisnet.co.uk,ads
ads.desmoinesregister.com,ads
ads.detelefoongids.nl,ads
ads.deviantart.com,ads
ads.devmates.com,ads
ads.digital-digest.com,ads
ads.digitalmedianet.com,ads
ads.digitalpoint.com,ads
ads.directionsmag.com,ads
ads.doit.com.cn,ads
ads.domeus.com,ads
ads.dtpnetwork.biz,ads
ads.eagletribune.com,ads
ads.easy-forex.com,ads
ads.economist.com,ads
ads.edbindex.dk,ads
ads.elcarado.com,ads
ads.electrocelt.com,ads
ads.elitetrader.com,ads
ads.emdee.ca,ads
ads.emirates.net.ae,ads
ads.epi.sk,ads
ads.epltalk.com,ads
ads.eu.msn.com,ads
ads.expat-blog.biz,ads
ads.fairfax.com.au,ads
ads.fastcomgroup.it,ads
ads.fasttrack-ignite.com,ads
ads.faxo.com,ads
ads.femmefab.nl,ads
ads.ferianc.com,ads
ads.filmup.com,ads
ads.financialcontent.com,ads
ads.flooble.com,ads
ads.fool.com,ads
ads.footymad.net,ads
ads.forbes.net,ads
ads.formit.cz,ads
ads.fortunecity.com,ads
ads.fotosidan.se,ads
ads.foxnetworks.com,ads
ads.friendfinder.com,ads
ads.gamecity.net,ads
ads.gamespyid.com,ads
ads.gamigo.de,ads
ads.gaming-universe.de,ads
ads.gaming1.com,ads
ads.getlucky.com,ads
ads.gld.dk,ads
ads.gmodules.com,ads
ads.goyk.com,ads
ads.gplusmedia.com,ads
ads.gradfinder.com,ads
ads.grindinggears.com,ads
ads.gsm-exchange.com,ads
ads.gsmexchange.com,ads
ads.guardian.co.uk,ads
ads.guardianunlimited.co.uk,ads
ads.guru3d.com,ads
ads.hbv.de,ads
ads.hearstmags.com,ads
ads.heartlight.org,ads
ads.hollywood.com,ads
ads.horsehero.com,ads
ads.hsoub.com,ads
ads.ibest.com.br,ads
ads.ibryte.com,ads
ads.icq.com,ads
ads.ign.com,ads
ads.imagistica.com,ads
ads.imgur.com,ads
ads.independent.com.mt,ads
ads.infi.net,ads
ads.internic.co.il,ads
ads.ipowerweb.com,ads
ads.itv.com,ads
ads.jewishfriendfinder.com,ads
ads.jobsite.co.uk,ads
ads.justhungry.com,ads
ads.kabooaffiliates.com,ads
ads.kaktuz.net,ads
ads.kelbymediagroup.com,ads
ads.kinxxx.com,ads
ads.kompass.com,ads
ads.krawall.de,ads
ads.leovegas.com,ads
ads.lesbianpersonals.com,ads
ads.liberte.pl,ads
ads.lifethink.net,ads
ads.linkedin.com,ads
ads.livenation.com,ads
ads.lordlucky.com,ads
ads.ma7.tv,ads
ads.mail.bg,ads
ads.mariuana.it,ads
ads.massinfra.nl,ads
ads.mcafee.com,ads
ads.mediaodyssey.com,ads
ads.mediasmart.es,ads
ads.medienhaus.de,ads
ads.meetcelebs.com,ads
ads.mgnetwork.com,ads
ads.miarroba.com,ads
ads.mic.com,ads
ads.mmania.com,ads
ads.mobilebet.com,ads
ads.msn.com,ads
ads.multimania.lycos.fr,ads
ads.muslimehelfen.org,ads
ads.mvscoelho.com,ads
ads.myadv.org,ads
ads.nccwebs.com,ads
ads.ndtv1.com,ads
ads.networksolutions.com,ads
ads.newgrounds.com,ads
ads.newmedia.cz,ads
ads.newsint.co.uk,ads
ads.newsquest.co.uk,ads
ads.nj.com,ads
ads.nola.com,ads
ads.nordichardware.com,ads
ads.nordichardware.se,ads
ads.nyi.net,ads
ads.nytimes.com,ads
ads.nyx.cz,ads
ads.nzcity.co.nz,ads
ads.o2.pl,ads
ads.oddschecker.com,ads
ads.okcimg.com,ads
ads.ole.com,ads
ads.oneplace.com,ads
ads.opensubtitles.org,ads
ads.optusnet.com.au,ads
ads.outpersonals.com,ads
ads.oxyshop.cz,ads
ads.passion.com,ads
ads.paymonex.net,ads
ads.pexi.nl,ads
ads.pfl.ua,ads
ads.phpclasses.org,ads
ads.pinterest.com,ads
ads.planet.nl,ads
ads.pni.com,ads
ads.pof.com,ads
ads.powweb.com,ads
ads.ppvmedien.de,ads
ads.printscr.com,ads
ads.prisacom.com,ads
ads.program3.com,ads
ads.psd2html.com,ads
ads.quoka.de,ads
ads.radialserver.com,ads
ads.radio1.lv,ads
ads.recoletos.es,ads
ads.rediff.com,ads
ads.redlightcenter.com,ads
ads.revjet.com,ads
ads.samsung.com,ads
ads.saymedia.com,ads
ads.schmoozecom.net,ads
ads.scifi.com,ads
ads.seniorfriendfinder.com,ads
ads.servebom.com,ads
ads.sexgratuit.tv,ads
ads.shizmoo.com,ads
ads.shopstyle.com,ads
ads.sift.co.uk,ads
ads.simplyhired.com,ads
ads.sjon.info,ads
ads.smartclick.com,ads
ads.socialtheater.com,ads
ads.soft32.com,ads
ads.soweb.gr,ads
ads.space.com,ads
ads.stackoverflow.com,ads
ads.sun.com,ads
ads.suomiautomaatti.com,ads
ads.supplyframe.com,ads
ads.syscdn.de,ads
ads.tahono.com,ads
ads.themovienation.com,ads
ads.thestar.com,ads
ads.thrillsaffiliates.com,ads
ads.tiktok.com,ads
ads.tmcs.net,ads
ads.todoti.com.br,ads
ads.toplayaffiliates.com,ads
ads.townhall.com,ads
ads.travelaudience.com,ads
ads.trinitymirror.co.uk,ads
ads.tripod.com,ads
ads.tripod.lycos.co.uk,ads
ads.tripod.lycos.de,ads
ads.tripod.lycos.es,ads
ads.tripod.lycos.it,ads
ads.tripod.lycos.nl,ads
ads.tso.dennisnet.co.uk,ads
ads.twitter.com,ads
ads.twojatv.info,ads
ads.ultimate-guitar.com,ads
ads.uncrate.com,ads
ads.unison.bg,ads
ads.usatoday.com,ads
ads.uxs.at,ads
ads.v-lazer.com,ads
ads.verticalresponse.com,ads
ads.vgchartz.com,ads
ads.virtual-nights.com,ads
ads.virtuopolitan.com,ads
ads.vnumedia.com,ads
ads.walkiberia.com,ads
ads.watson.ch,ads
ads.weather.ca,ads
ads.web.de,ads
ads.webinak.sk,ads
ads.webmasterpoint.org,ads
ads.websiteservices.com,ads
ads.whoishostingthis.com,ads
ads.wiezoekje.nl,ads
ads.wikia.nocookie.net,ads
ads.wineenthusiast.com,ads
ads.wwe.biz,ads
ads.xhamster.com,ads
ads.xtra.co.nz,ads
ads.yahoo.com,ads
ads.yap.yahoo.com,ads
ads.yimg.com,ads
ads.yldmgrimg.net,ads
ads.youtube.com,ads
ads.yumenetworks.com,ads
ads1-adnow.com,ads
ads1.mediacapital.pt,ads
ads1.msn.com,ads
ads1.rne.com,ads
ads1.virtual-nights.com,ads
ads10.speedbit.com,ads
ads180.com,ads
ads2.brazzers.com,ads
ads2.contentabc.com,ads
ads2.femmefab.nl,ads
ads2.gamecity.net,ads
ads2.hsoub.com,ads
ads2.net-communities.co.uk,ads
ads2.rne.com,ads
ads2.techads.info,ads
ads2.virtual-nights.com,ads
ads2.webdrive.no,ads
ads2.xnet.cz,ads
ads2004.treiberupdate.de,ads
ads24h.net,ads
ads3-adnow.com,ads
ads3.contentabc.com,ads
ads3.gamecity.net,ads
ads3.virtual-nights.com,ads
ads4.gamecity.net,ads
ads4.virtual-nights.com,ads
ads4homes.com,ads
ads5.virtual-nights.com,ads
ads6.gamecity.net,ads
ads7.gamecity.net,ads
adsafeprotected.com,ads
adsatt.abc.starwave.com,ads
adsatt.abcnews.starwave.com,ads
adsatt.espn.go.com,ads
adsatt.espn.starwave.com,ads
adsatt.go.starwave.com,ads
adsby.bidtheatre.com,ads
adsbydelema.com,ads
adscale.de,ads
adscholar.com,ads
adscience.nl,ads
adsco.re,ads
adscpm.com,ads
adsdaq.com,ads
adsdk.yandex.ru,ads
adsend.de,ads
adsensecustomsearchads.com,ads
adserve.ams.rhythmxchange.com,ads
adserve.gkeurope.de,ads
adserve.io,ads
adserve.jbs.org,ads
adserver.71i.de,ads
adserver.adultfriendfinder.com,ads
adserver.adverty.com,ads
adserver.anawe.cz,ads
adserver.ariase.org,ads
adserver.bdoce.cl,ads
adserver.betandwin.de,ads
adserver.bing.com,ads
adserver.bizedge.com,ads
adserver.bizhat.com,ads
adserver.break-even.it,ads
adserver.cams.com,ads
adserver.cdnstream.com,ads
adserver.cherryfind.co.uk,ads
adserver.com,ads
adserver.diariodosertao.com.br,ads
adserver.digitoday.com,ads
adserver.echdk.pl,ads
adserver.friendfinder.com,ads
adserver.generationiron.com,ads
adserver.hwupgrade.it,ads
adserver.ilango.de,ads
adserver.industryarena.com,ads
adserver.info7.mx,ads
adserver.irishwebmasterforum.com,ads
adserver.janes.com,ads
adserver.kontent.com,ads
adserver.lecool.com,ads
adserver.mobi,ads
adserver.msmb.biz,ads
adserver.news.com.au,ads
adserver.nydailynews.com,ads
adserver.o2.pl,ads
adserver.oddschecker.com,ads
adserver.omroepzeeland.nl,ads
adserver.otthonom.hu,ads
adserver.pampa.com.br,ads
adserver.piksel.mk,ads
adserver.pl,ads
adserver.portugalmail.net,ads
adserver.pressboard.ca,ads
adserver.sanomawsoy.fi,ads
adserver.sciflicks.com,ads
adserver.scr.sk,ads
adserver.smgfiles.com,ads
adserver.theonering.net,ads
adserver.trojaner-info.de,ads
adserver.tupolska.com,ads
adserver.twitpic.com,ads
adserver.virginmedia.com,ads
adserver.waggonerguide.com,ads
adserver01.de,ads
adserver1.mindshare.de,ads
adserver2.mindshare.de,ads
adserverplus.com,ads
adserverpub.com,ads
adserversolutions.com,ads
adserverxxl.de,ads
adservetx.media.net,ads
adservice.google.com,ads
adservice.google.com.mt,ads
adserving.unibet.com,ads
adservingfront.com,ads
adservrs.com,ads
adservrs.com.edgekey.net,ads
adsfac.eu,ads
adsfac.net,ads
adsfac.us,ads
adsfactor.net,ads
adsfeed.brabys.com,ads
adshrink.it,ads
adside.com,ads
adsiduous.com,ads
adskeeper.co.uk,ads
adskeeper.com,ads
adsklick.de,ads
adskpak.com,ads
adsmart.com,ads
adsmart.net,ads
adsmartracker.com,ads
adsmetadata.startappservice.com,ads
adsmogo.com,ads
adsnative.com,ads
adsoftware.com,ads
adsolut.in,ads
adspeed.net,ads
adspirit.de,ads
adsponse.de,ads
adspredictiv.com,ads
adspsp.com,ads
adsroller.com,ads
adsrv.deviantart.com,ads
adsrv.eacdn.com,ads
adsrv.iol.co.za,ads
adsrv.kobi.tv,ads
adsrv.moebelmarkt.tv,ads
adsrv2.swidnica24.pl,ads
adsrvr.org,ads
adstacks.in,ads
adstanding.com,ads
adstat.4u.pl,ads
adstest.weather.com,ads
adsupply.com,ads
adswizz.com,ads
adsxyz.com,ads
adsynergy.com,ads
adsys.townnews.com,ads
adsystem.simplemachines.org,ads
adt598.com,ads
adtech-digital.ru,ads
adtech.com,ads
adtech.de,ads
adtechjp.com,ads
adtechus.com,ads
adtegrity.net,ads
adthis.com,ads
adthrive.com,ads
adtiger.de,ads
adtilt.com,ads
adtng.com,ads
adtology.com,ads
adtoma.com,ads
adtrace.org,ads
adtrack.voicestar.com,ads
adtraction.com,ads
adtrade.net,ads
adtriplex.com,ads
adultadvertising.com,ads
adv-adserver.com,ads
adv.cooperhosting.net,ads
adv.donejty.pl,ads
adv.freeonline.it,ads
adv.hwupgrade.it,ads
adv.mpvc.it,ads
adv.nexthardware.com,ads
adv.webmd.com,ads
adv.wp.pl,ads
adv.yo.cz,ads
advangelists.com,ads
advariant.com,ads
adventory.com,ads
adventurousamount.com,ads
advert.bayarea.com,ads
advert.dyna.ultraweb.hu,ads
adverticum.com,ads
adverticum.net,ads
adverticus.de,ads
advertise.com,ads
advertiseireland.com,ads
advertisementafterthought.com,ads
advertiserurl.com,ads
advertising.com,ads
advertisingbanners.com,ads
advertisingbox.com,ads
advertmarket.com,ads
advertmedia.de,ads
advertpro.ya.com,ads
advertserve.com,ads
advertwizard.com,ads
advideo.uimserv.net,ads
adview.com,ads
advisormedia.cz,ads
adviva.net,ads
advnt.com,ads
adwebone.com,ads
adwhirl.com,ads
adworldnetwork.com,ads
adworx.at,ads
adworx.nl,ads
adx.gayboy.at,ads
adxpansion.com,ads
adxpose.com,ads
adyea.com,ads
adyoulike.com,ads
adz.rashflash.com,ads
adz2you.com,ads
adzbazar.com,ads
adzerk.net,ads
adzerk.s3.amazonaws.com,ads
adzestocp.com,ads
adzrevads.com,ads
aerserv.com,ads
af-ad.co.uk,ads
affec.tv,ads
affili.net,ads
affiliate.1800flowers.com,ads
affiliate.dtiserv.com,ads
affiliate.rusvpn.com,ads
affiliate.travelnow.com,ads
affiliate.treated.com,ads
affiliatefuture.com,ads
affiliates.allposters.com,ads
affiliates.babylon.com,ads
affiliates.digitalriver.com,ads
affiliates.globat.com,ads
affiliates.streamray.com,ads
affiliates.thinkhost.net,ads
affiliates.thrixxx.com,ads
affiliates.ultrahosting.com,ads
affiliatetracking.com,ads
affiliatetracking.net,ads
affiliatewindow.com,ads
affiliation-france.com,ads
afftracking.justanswer.com,ads
afraidlanguage.com,ads
agkn.com,ads
agreeablestew.com,ads
ah-ha.com,ads
ahalogy.com,ads
aheadday.com,ads
aim4media.com,ads
airpush.com,ads
aistat.net,ads
ak0gsh40.com,ads
alchemist.go2cloud.org,ads
alclick.com,ads
alenty.com,ads
alertafterthought.com,ads
alexa-sitestats.s3.amazonaws.com,ads
algorix.co,ads
aliasanvil.com,ads
alikeaddition.com,ads
alipromo.com,ads
all4spy.com,ads
alluringbucket.com,ads
aloofmetal.com,ads
aloofvest.com,ads
alphonso.tv,ads
als-svc.nytimes.com,ads
amazingcounters.com,ads
amazon-adsystem.com,ads
ambiguousquilt.com,ads
ambitiousagreement.com,ads
americash.com,ads
amung.us,ads
analytics-production.hapyak.com,ads
analytics.adpost.org,ads
analytics.algoepico.net,ads
analytics.bitrix.info,ads
analytics.cloudron.io,ads
analytics.cohesionapps.com,ads
analytics.emarketer.com,ads
analytics.ext.go-tellm.com,ads
analytics.google.com,ads
analytics.htmedia.in,ads
analytics.icons8.com,ads
analytics.inlinemanual.com,ads
analytics.jst.ai,ads
analytics.justuno.com,ads
analytics.live.com,ads
analytics.lucid.app,ads
analytics.mailmunch.co,ads
analytics.mobile.yandex.net,ads
analytics.momentum-institut.at,ads
analytics.myfinance.com,ads
analytics.ostr.io,ads
analytics.phando.com,ads
analytics.picsart.com,ads
analytics.pinterest.com,ads
analytics.pointdrive.linkedin.com,ads
analytics.poolshool.com,ads
analytics.posttv.com,ads
analytics.samdd.me,ads
analytics.santander.co.uk,ads
analytics.shorte.st,ads
analytics.swiggy.com,ads
analytics.tiktok.com,ads
analytics.xelondigital.com,ads
analytics.yahoo.com,ads
analyticsapi.happypancake.net,ads
ancientact.com,ads
androiddownload.net,ads
angossa.com,ads
aniview.com,ads
annonser.dagbladet.no,ads
annoyedairport.com,ads
annoyingacoustics.com,ads
anrdoezrs.net,ads
anstrex.com,ads
anuncios.edicaoms.com.br,ads
anxiousapples.com,ads
api.amplitude.com,ads
api.eu.amplitude.com,ads
api.intensifier.de,ads
api.iterable.com,ads
api.kameleoon.com,ads
api.lab.amplitude.com,ads
api.rudderlabs.com,ads
api2.amplitude.com,ads
apolloprogram.io,ads
app-analytics-v2.snapchat.com,ads
app-analytics.snapchat.com,ads
app-measurement.com,ads
app.pendo.io,ads
app2.salesmanago.pl,ads
apparatuslip.com,ads
appboycdn.com,ads
appmetrica.yandex.ru,ads
appsflyer.com,ads
aps.hearstnp.com,ads
apsalar.com,ads
apture.com,ads
apu.samsungelectronics.com,ads
aquaticanswer.com,ads
aquaticowl.com,ads
ar1nvz5.com,ads
aralego.com,ads
arc1.msn.com,ads
archswimming.com,ads
ard.xxxblackbook.com,ads
argyresthia.com,ads
aromamirror.com,ads
artisany.net,ads
as.webmd.com,ads
as2.adserverhd.com,ads
aserv.motorsgate.com,ads
asewlfjqwlflkew.com,ads
aso1.net,ads
assets1.exgfnetwork.com,ads
assoc-amazon.com,ads
aswpapius.com,ads
aswpsdkus.com,ads
at-adserver.alltop.com,ads
at-o.net,ads
atdmt.com,ads
athena-ads.wikia.com,ads
ato.mx,ads
attractionbanana.com,ads
attractiveafternoon.com,ads
attribution.report,ads
atwola.com,ads
auctionads.com,ads
auctionads.net,ads
aud.pubmatic.com,ads
audience.media,ads
audience2media.com,ads
audienceinsights.com,ads
audit.median.hu,ads
audit.webinform.hu,ads
augur.io,ads
auto-bannertausch.de,ads
automaticflock.com,ads
avalonalbum.com,ads
avazutracking.net,ads
avenuea.com,ads
avocet.io,ads
awakebird.com,ads
awempire.com,ads
awin1.com,ads
awstrack.me,ads
awzbijw.com,ads
axiomaticalley.com,ads
axonix.com,ads
ay.delivery,ads
aztracking.net,ads
b-s.tercept.com,ads
b.videoamp.com,ads
b3.videoamp.com,ads
ba.afl.rakuten.co.jp,ads
backbeatmedia.com,ads
balloontexture.com,ads
banik.redigy.cz,ads
banner.ambercoastcasino.com,ads
banner.buempliz-online.ch,ads
banner.cotedazurpalace.com,ads
banner.coza.com,ads
banner.easyspace.com,ads
banner.elisa.net,ads
banner.eurogrand.com,ads
banner.finzoom.ro,ads
banner.goldenpalace.com,ads
banner.inyourpocket.com,ads
banner.linux.se,ads
banner.media-system.de,ads
banner.mindshare.de,ads
banner.nixnet.cz,ads
banner.noblepoker.com,ads
banner.northsky.com,ads
banner.rbc.ru,ads
banner.reinstil.de,ads
banner.tanto.de,ads
banner.titan-dsl.de,ads
banner10.zetasystem.dk,ads
bannerads.de,ads
bannerboxes.com,ads
bannerconnect.com,ads
bannerconnect.net,ads
bannergrabber.internet.gr,ads
bannerimage.com,ads
bannerlandia.com.ar,ads
bannermall.com,ads
bannermanager.bnr.bg,ads
bannermarkt.nl,ads
bannerpower.com,ads
banners.adultfriendfinder.com,ads
banners.amigos.com,ads
banners.asiafriendfinder.com,ads
banners.babylon-x.com,ads
banners.bol.com.br,ads
banners.cams.com,ads
banners.clubseventeen.com,ads
banners.czi.cz,ads
banners.dine.com,ads
banners.direction-x.com,ads
banners.freett.com,ads
banners.friendfinder.com,ads
banners.getiton.com,ads
banners.iq.pl,ads
banners.passion.com,ads
banners.payserve.com,ads
banners.resultonline.com,ads
banners.sys-con.com,ads
banners.thomsonlocal.com,ads
banners.videosz.com,ads
banners.virtuagirlhd.com,ads
bannerserver.com,ads
bannersgomlm.com,ads
bannershotlink.perfectgonzo.com,ads
bannersng.yell.com,ads
bannerspace.com,ads
bannerswap.com,ads
bannertesting.com,ads
bannertrack.net,ads
bannery.cz,ads
bannieres.wdmedia.net,ads
bans.bride.ru,ads
barbarousnerve.com,ads
baremetrics.com,ads
barnesandnoble.bfast.com,ads
basebanner.com,ads
basketballbelieve.com,ads
baskettexture.com,ads
bat.bing.com,ads
batbuilding.com,ads
bawdybeast.com,ads
baypops.com,ads
bbelements.com,ads
bbn.img.com.ua,ads
beachfront.com,ads
beacon.gu-web.net,ads
beacons.gcp.gvt2.com,ads
beacons.gvt2.com,ads
beamincrease.com,ads
bebi.com,ads
beemray.com,ads
begun.ru,ads
behavioralengine.com,ads
belstat.com,ads
belstat.nl,ads
benefits.sovendus.com,ads
benfly.net,ads
berp.com,ads
bespoke.iln8.net,ads
bestboundary.com,ads
bestbuy.7tiv.net,ads
bewilderedblade.com,ads
bfmio.com,ads
bhcumsc.com,ads
bid.pubmatic.com,ads
bidbarrel.cbsnews.com,ads
bidclix.com,ads
bidclix.net,ads
bidr.io,ads
bidsopt.com,ads
bidswitch.net,ads
bidtellect.com,ads
bidvertiser.com,ads
big-bang-ads.com,ads
bigbangmedia.com,ads
bigclicks.com,ads
bigreal.org,ads
bikesboard.com,ads
billboard.cz,ads
birthdaybelief.com,ads
bitmedianetwork.com,ads
bizible.com,ads
bizographics.com,ads
bizrate.com,ads
bizzclick.com,ads
bkrtx.com,ads
blingbucks.com,ads
blis.com,ads
blockadblock.com,ads
blogads.com,ads
blogcounter.de,ads
blogherads.com,ads
blogtoplist.se,ads
blogtopsites.com,ads
blueadvertise.com,ads
blueconic.com,ads
blueconic.net,ads
bluekai.com,ads
bluelithium.com,ads
bluewhaleweb.com,ads
blushingbeast.com,ads
blushingboundary.com,ads
blushingbread.com,ads
bm.annonce.cz,ads
bn.bfast.com,ads
bnrs.ilm.ee,ads
boffoadsapi.com,ads
boilingbeetle.com,ads
boilingumbrella.com,ads
bongacash.com,ads
boomads.com,ads
boomtrain.com,ads
boredcrown.com,ads
boringcoat.com,ads
boudja.com,ads
bounceads.net,ads
bounceexchange.com,ads
bowie-cdn.fathomdns.com,ads
box.anchorfree.net,ads
bpath.com,ads
bpu.samsungelectronics.com,ads
braincash.com,ads
brand-display.com,ads
brandreachsys.com,ads
brandybison.com,ads
braze.eu,ads
breadbalance.com,ads
breahant.site,ads
breakableinsurance.com,ads
breaktime.com.tw,ads
brealtime.com,ads
bridgetrack.com,ads
briefstem.com,ads
brightcom.com,ads
brightinfo.com,ads
brightmountainmedia.com,ads
broadboundary.com,ads
broadcastbed.com,ads
broaddoor.com,ads
broadstreetads.com,ads
browser-http-intake.logs.datadoghq.com,ads
browser-http-intake.logs.datadoghq.eu,ads
bs.yandex.ru,ads
btglss.net,ads
btrll.com,ads
bttrack.com,ads
bucketbean.com,ads
businessbells.com,ads
bustlinganimal.com,ads
buysellads.com,ads
buzzonclick.com,ads
bwp.download.com,ads
c.bigmir.net,ads
c1exchange.com,ads
c212.net,ads
cabledemand.com,ads
cakesdrum.com,ads
calculatingcircle.com,ads
calculatingtoothbrush.com,ads
calculatorcamera.com,ads
calculatorstatement.com,ads
call-ad-network-api.marchex.com,ads
callousbrake.com,ads
callrail.com,ads
calmcactus.com,ads
calypsocapsule.com,ads
campaign.bharatmatrimony.com,ads
caniamedia.com,ads
capablecows.com,ads
capriciouscorn.com,ads
captainbicycle.com,ads
carambo.la,ads
carbonads.com,ads
carbonads.net,ads
caringcast.com,ads
carscannon.com,ads
cartstack.com,ads
carvecakes.com,ads
casalemedia.com,ads
casalmedia.com,ads
cash4members.com,ads
cash4popup.de,ads
cashcrate.com,ads
cashengines.com,ads
cashfiesta.com,ads
cashpartner.com,ads
cashstaging.me,ads
casinopays.com,ads
casinorewards.com,ads
casinotraffic.com,ads
cattlecommittee.com,ads
causecherry.com,ads
cautiouscredit.com,ads
cbanners.virtuagirlhd.com,ads
cdn.bannerflow.com,ads
cdn.branch.io,ads
cdn.freshmarketer.com,ads
cdn.heapanalytics.com,ads
cdn.keywee.co,ads
cdn.mouseflow.com,ads
cdn.onesignal.com,ads
cdn.scarabresearch.com,ads
cdn.segment.com,ads
cdnondemand.org,ads
ceciliavenus.com,ads
cedato.com,ads
celtra.com,ads
centerpointmedia.com,ads
cetrk.com,ads
cgicounter.puretec.de,ads
chairscrack.com,ads
channelintelligence.com,ads
chargecracker.com,ads
chart.dk,ads
chartbeat.com,ads
chartbeat.net,ads
chartboost.com,ads
checkm8.com,ads
checkstat.nl,ads
cheerfulrange.com,ads
cherriescare.com,ads
chewcoat.com,ads
chickensstation.com,ads
childlikecrowd.com,ads
chinsnakes.com,ads
chitika.net,ads
chubbycreature.com,ads
citrusad.net,ads
cityads.telus.net,ads
cj.com,ads
cjbmanagement.com,ads
cjlog.com,ads
cl0udh0st1ng.com,ads
claria.com,ads
clarifyverse.com,ads
clck.ru,ads
clevernt.com,ads
click.airmalta-mail.com,ads
click.aliexpress.com,ads
click.allkeyshop.com,ads
click.bkdpt.com,ads
click.cartsguru.io,ads
click.cision.com,ads
click.classmates.com,ads
click.comm.rcibank.co.uk,ads
click.digital.metaquestmail.com,ads
click.discord.com,ads
click.e.bbcmail.co.uk,ads
click.e.progressive.com,ads
click.e.zoom.us,ads
click.em.blizzard.com,ads
click.email.bbc.com,ads
click.email.microsoftemail.com,ads
click.email.sonos.com,ads
click.email.strawberry.no,ads
click.emails.argos.co.uk,ads
click.fool.com,ads
click.hookupinyourcity.com,ads
click.hooligapps.com,ads
click.i.southwesternrailway.com,ads
click.infoblox.com,ads
click.justwatch.com,ads
click.kmindex.ru,ads
click.mail.hotels.com,ads
click.mail.salesforce.com,ads
click.mailing.ticketmaster.com,ads
click.mkt.grab.com,ads
click.news.vans.com,ads
click.nl.npr.org,ads
click.nvgaming.nvidia.com,ads
click.redditmail.com,ads
click.twcwigs.com,ads
click2freemoney.com,ads
click360v2-ingest.azurewebsites.net,ads
clickadz.com,ads
clickagents.com,ads
clickbank.com,ads
clickbooth.com,ads
clickboothlnk.com,ads
clickbrokers.com,ads
clickcease.com,ads
clickcompare.co.uk,ads
clickdensity.com,ads
clickedyclick.com,ads
clickfuse.com,ads
clickhereforcellphones.com,ads
clicklink.jp,ads
clickmate.io,ads
clickonometrics.pl,ads
clicks.deliveroo.co.uk,ads
clicks.equantum.com,ads
clicks.eventbrite.com,ads
clicks.mods.de,ads
clicks.monzo.com,ads
clickserve.cc-dt.com,ads
clicktag.de,ads
clickthruserver.com,ads
clickthrutraffic.com,ads
clicktrack.pubmatic.com,ads
clicktrack.ziyu.net,ads
clicktracks.com,ads
clicktrade.com,ads
clickxchange.com,ads
clickyab.com,ads
clickz.com,ads
clientgear.com,ads
clientmetrics-pa.googleapis.com,ads
clikerz.net,ads
cliksolution.com,ads
clixgalore.com,ads
clk1005.com,ads
clk1011.com,ads
clk1015.com,ads
clkrev.com,ads
clksite.com,ads
cloisteredcord.com,ads
cloisteredhydrant.com,ads
closedcows.com,ads
cloudflareinsights.com,ads
cloudiq.com,ads
clrstm.com,ads
cluster.adultworld.com,ads
clustrmaps.com,ads
cmp.dmgmediaprivacy.co.uk,ads
cmvrclicks000.com,ads
cnomy.com,ads
cnt.spbland.ru,ads
cnt1.pocitadlo.cz,ads
cny.yoyo.org,ads
codeadnetwork.com,ads
cognitiv.ai,ads
cointraffic.io,ads
coldbalance.com,ads
collector-dev.cdp-dev.cnn.com,ads
collector.cdp.cnn.com,ads
colonize.com,ads
comfortablecheese.com,ads
commindo-media-ressourcen.de,ads
commissionmonster.com,ads
commonswing.com,ads
communications.melitaltd.com,ads
compactbanner.com,ads
comparereaction.com,ads
compiledoctor.com,ads
completecabbage.com,ads
complextoad.com,ads
comprabanner.it,ads
concernedchange.com,ads
concernedcondition.com,ads
conditionchange.com,ads
conductrics.com,ads
connatix.com,ads
connectad.io,ads
connextra.com,ads
consciouschairs.com,ads
consciouscheese.com,ads
consensad.com,ads
consensu.org,ads
contadores.miarroba.com,ads
content.acc-hd.de,ads
content.ad,ads
content22.online.citi.com,ads
contextweb.com,ads
controlcola.com,ads
converge-digital.com,ads
conversantmedia.com,ads
conversionbet.com,ads
conversionruler.com,ads
convertingtraffic.com,ads
convrse.media,ads
cookies.cmpnet.com,ads
coordinatedcub.com,ads
cootlogix.com,ads
copperchickens.com,ads
copycarpenter.com,ads
copyrightaccesscontrols.com,ads
coremetrics.com,ads
cosmosjackson.com,ads
count.rin.ru,ads
count.west263.com,ads
counted.com,ads
counter.bloke.com,ads
counter.cnw.cz,ads
counter.cz,ads
counter.dreamhost.com,ads
counter.mirohost.net,ads
counter.mojgorod.ru,ads
counter.rambler.ru,ads
counter.search.bg,ads
counter.snackly.co,ads
counting.kmindex.ru,ads
coupling-media.de,ads
coxmt.com,ads
cozyhillside.com,ads
cpalead.com,ads
cpays.com,ads
cpmstar.com,ads
cpu.samsungelectronics.com,ads
cpx-traffic.com,ads
cpx.to,ads
cpxinteractive.com,ads
cqcounter.com,ads
crabbychin.com,ads
craktraffic.com,ads
crashchance.com,ads
crashlytics.com,ads
crashlyticsreports-pa.googleapis.com,ads
cratecamera.com,ads
crawlability.com,ads
crawlclocks.com,ads
crazyegg.com,ads
crazypopups.com,ads
creatives.livejasmin.com,ads
crimsonmeadow.com,ads
criteo.com,ads
criteo.net,ads
critictruck.com,ads
crowdedmass.com,ads
crowdgravity.com,ads
crsspxl.com,ads
crta.dailymail.co.uk,ads
crtv.mate1.com,ads
crwdcntrl.net,ads
crypto-loot.org,ads
crystalboulevard.com,ads
cs.co,ads
culturedcrayon.com,ads
cumbersomecloud.com,ads
curtaincows.com,ads
curvedsquirrel.com,ads
cushiondrum.com,ads
customad.cnn.com,ads
customads.co,ads
customers.kameleoon.com,ads
cutcurrent.com,ads
cutechin.com,ads
cutecushion.com,ads
cuteturkey.com,ads
cxense.com,ads
cyberbounty.com,ads
d-collect.jennifersoft.com,ads
d-collector.jennifersoft.com,ads
d.adroll.com,ads
d1f0tbk1v3e25u.cloudfront.net,ads
d2cmedia.ca,ads
d81mfvml8p5ml.cloudfront.net,ads
dabiaozhi.com,ads
dacdn.visualwebsiteoptimizer.com,ads
dacdn.vwo.com,ads
dakic-ia-300.com,ads
damageddistance.com,ads
damdoor.com,ads
dancemistake.com,ads
dangerouswinter.com,ads
dapper.net,ads
dapperfloor.com,ads
dashingdirt.com,ads
dashingsweater.com,ads
data.namesakeoscilloscopemarquis.com,ads
data8a8altrk.com,ads
daughterstone.com,ads
dc-storm.com,ads
de17a.com,ads
deadpangate.com,ads
dealdotcom.com,ads
debonairway.com,ads
debtbusterloans.com,ads
decenterads.com,ads
decisivebase.com,ads
decisivedrawer.com,ads
decisiveducks.com,ads
decknetwork.net,ads
decoycreation.com,ads
deepintent.com,ads
delegatediscussion.com,ads
delicatecascade.com,ads
deloo.de,ads
deloplen.com,ads
deloton.com,ads
demandbase.com,ads
demdex.net,ads
deployads.com,ads
desertedbreath.com,ads
desertedrat.com,ads
desiredirt.com,ads
detailedglue.com,ads
detailedgovernment.com,ads
detectdiscovery.com,ads
dev.visualwebsiteoptimizer.com,ads
dewdroplagoon.com,ads
dianomi.com,ads
didtheyreadit.com,ads
digestiondrawer.com,ads
digital-ads.s3.amazonaws.com,ads
digitalmerkat.com,ads
direct-events-collector.spot.im,ads
directaclick.com,ads
directleads.com,ads
directorym.com,ads
directtrack.com,ads
discountclick.com,ads
discreetfield.com,ads
dispensablestranger.com,ads
disqusads.com,ads
dist.belnk.com,ads
distillery.wistia.com,ads
distributionneck.com,ads
districtm.ca,ads
districtm.io,ads
dk4ywix.com,ads
dmp.mall.tv,ads
dmtracker.com,ads
dmtracking.alibaba.com,ads
dmtracking2.alibaba.com,ads
dnsdelegation.io,ads
do-global.com,ads
dockdigestion.com,ads
docksalmon.com,ads
dogcollarfavourbluff.com,ads
domaining.in,ads
domainsteam.de,ads
domdex.com,ads
dotmetrics.net,ads
dotomi.com,ads
doubleclick.com,ads
doubleclick.de,ads
doubleclick.net,ads
doublepimp.com,ads
doubleverify.com,ads
doubtfulrainstorm.com,ads
dpbolvw.net,ads
dpu.samsungelectronics.com,ads
dq95d35.com,ads
drabsize.com,ads
dragzebra.com,ads
drumcash.com,ads
drydrum.com,ads
dsp.colpirio.com,ads
dsp.io,ads
dstillery.com,ads
dustyhammer.com,ads
dustywave.com,ads
dyntrk.com,ads
e-m.fr,ads
e-planning.net,ads
e.kde.cz,ads
e37364.dscd.akamaiedge.net,ads
eadexchange.com,ads
earthquakescarf.com,ads
earthycopy.com,ads
eas.almamedia.fi,ads
easyhits4u.com,ads
ebayadvertising.com,ads
ebuzzing.com,ads
ecircle-ag.com,ads
ecleneue.com,ads
eclick.vn,ads
eclkmpbn.com,ads
eclkspbn.com,ads
economicpizzas.com,ads
ecoupons.com,ads
edaa.eu,ads
edgexads.com,ads
efficaciouscactus.com,ads
eiv.baidu.com,ads
ejyymghi.com,ads
elasticchange.com,ads
elderlyscissors.com,ads
elderlytown.com,ads
elephantqueue.com,ads
elitedollars.com,ads
elitetoplist.com,ads
em1.yoursantander.co.uk,ads
email-link.adtidy.net,ads
email-link.adtidy.org,ads
email-links.crowdfireapp.com,ads
email-open.adtidy.net,ads
email-open.adtidy.org,ads
email.mg1.substack.com,ads
emaillinks.soundiiz.com,ads
emebo.io,ads
emerse.com,ads
emetriq.de,ads
emjcd.com,ads
emltrk.com,ads
emodoinc.com,ads
emptyescort.com,ads
emxdigital.com,ads
encourageidea.com,ads
encouragingwilderness.com,ads
endurableshop.com,ads
energeticladybug.com,ads
engage.tines.com,ads
engage.windows.com,ads
engagebdr.com,ads
engageya.com,ads
engine.espace.netavenir.com,ads
engineertrick.com,ads
enginenetwork.com,ads
enormousearth.com,ads
enquisite.com,ads
ensighten.com,ads
entercasino.com,ads
enthusiasticdad.com,ads
entrecard.s3.amazonaws.com,ads
enviousthread.com,ads
epom.com,ads
epp.bih.net.ba,ads
eqads.com,ads
eqy.link,ads
erne.co,ads
ero-advertising.com,ads
estat.com,ads
esty.com,ads
et.educationdynamics.com,ads
et.nytimes.com,ads
etahub.com,ads
etargetnet.com,ads
etracker.com,ads
etracker.de,ads
eu-adcenter.net,ads
eule1.pmu.fr,ads
eulerian.net,ads
eurekster.com,ads
euros4click.de,ads
eusta.de,ads
evadav.com,ads
evadavdsp.pro,ads
eventexistence.com,ads
events-eu.freshsuccess.com,ads
events-us.freshsuccess.com,ads
everestads.net,ads
everesttech.net,ads
evergage.com,ads
eversales.space,ads
evs.sgmt.loom.com,ads
evyy.net,ads
exampleshake.com,ads
exchange-it.com,ads
exchangead.com,ads
exchangeclicksonline.com,ads
exclusivebrass.com,ads
exelate.com,ads
exelator.com,ads
exhibitsneeze.com,ads
exit76.com,ads
exitexchange.com,ads
exitfuel.com,ads
exoclick.com,ads
exosrv.com,ads
experianmarketingservices.digital,ads
explorads.com,ads
exponea.com,ads
exponential.com,ads
express-submit.de,ads
extractobservation.com,ads
extreme-dm.com,ads
extremetracking.com,ads
eyeblaster.com,ads
eyeota.net,ads
eyeviewads.com,ads
eyewonder.com,ads
ezula.com,ads
f7ds.liberation.fr,ads
fabric.io,ads
facilitategrandfather.com,ads
fadedprofit.com,ads
fadedsnow.com,ads
fairfeeling.com,ads
fallaciousfifth.com,ads
fam-ad.com,ads
famousquarter.com,ads
farethief.com,ads
farmergoldfish.com,ads
fascinatedfeather.com,ads
fast-redirecting.com,ads
fastclick.com,ads
fastclick.com.edgesuite.net,ads
fastclick.net,ads
fastly-insights.com,ads
faultycanvas.com,ads
faultyfowl.com,ads
fave.co,ads
fc.webmasterpro.de,ads
feathr.co,ads
feebleshock.com,ads
feedbackresearch.com,ads
feedjit.com,ads
feedmob.com,ads
fimserve.com,ads
findcommerce.com,ads
findyourcasino.com,ads
fineoffer.net,ads
fingahvf.top,ads
fireworkadservices.com,ads
fireworkanalytics.com,ads
fireworks-advertising.com,ads
firstlightera.com,ads
firsttexture.com,ads
fixedfold.com,ads
flairadscpc.com,ads
flakyfeast.com,ads
flashtalking.com,ads
fleshlightcash.com,ads
flexbanner.com,ads
flimsycircle.com,ads
flimsythought.com,ads
floodprincipal.com,ads
floweryflavor.com,ads
flowgo.com,ads
flurry.com,ads
fly-analytics.com,ads
foo.cosmocode.de,ads
foresee.com,ads
forex-affiliate.net,ads
forkcdn.com,ads
forwrdnow.com,ads
fourarithmetic.com,ads
fpctraffic.com,ads
fpjs.io,ads
fqtag.com,ads
frailflock.com,ads
frailoffer.com,ads
free-counter.co.uk,ads
freebanner.com,ads
freecounterstat.com,ads
freelogs.com,ads
freepay.com,ads
freeskreen.com,ads
freestats.com,ads
freestats.tv,ads
freewebcounter.com,ads
freewheel.com,ads
freewheel.tv,ads
freezingbuilding.com,ads
frequentflesh.com,ads
freshrelevance.com,ads
friendwool.com,ads
frightenedpotato.com,ads
fronttoad.com,ads
frtyj.com,ads
frtyk.com,ads
fullstory.com,ads
functionalcrown.com,ads
functionalfeather.com,ads
funklicks.com,ads
funnelytics.io,ads
furryfork.com,ads
fusionads.net,ads
fusionquest.com,ads
futuristicapparatus.com,ads
futuristicfairies.com,ads
futuristicfifth.com,ads
futuristicframe.com,ads
fuzzybasketball.com,ads
fuzzyflavor.com,ads
fuzzyweather.com,ads
fvl1f.pw,ads
fwcdn1.com,ads
fwcdn2.com,ads
fxstyle.net,ads
ga.clearbit.com,ads
gadsbee.com,ads
galaxien.com,ads
game-advertising-online.com,ads
gamesites100.net,ads
gamesites200.com,ads
gammamaximum.com,ads
gaug.es,ads
gavvia.com,ads
gearwom.de,ads
generateoffice.com,ads
geo.digitalpoint.com,ads
geobanner.adultfriendfinder.com,ads
georiot.com,ads
geovisite.com,ads
getclicky.com,ads
getintent.com,ads
getmyads.com,ads
giddycoat.com,ads
glisteningsign.com,ads
globalismedia.com,ads
globaltakeoff.net,ads
gloriousbeef.com,ads
glossysense.com,ads
gloyah.net,ads
gmads.net,ads
gml.email,ads
go-clicks.de,ads
go-mpulse.net,ads
go-rank.de,ads
go.dhs.gov,ads
go.eu.sparkpostmail1.com,ads
go.icann.org,ads
go.scmagazine.com,ads
go.usa.gov,ads
go.xlirdr.com,ads
go2affise.com,ads
goingplatinum.com,ads
goldstats.com,ads
gondolagnome.com,ads
google-analytics.com,ads
googleadservices.com,ads
googleanalytics.com,ads
googlesyndication.com,ads
googletagmanager.com,ads
googletagservices.com,ads
gorgeousground.com,ads
gostats.com,ads
gothamads.com,ads
gotraffic.net,ads
gp.dejanews.com,ads
gracefulsock.com,ads
graizoah.com,ads
grandfatherguitar.com,ads
grapeshot.co.uk,ads
greetzebra.com,ads
greyinstrument.com,ads
greystripe.com,ads
grouchybrothers.com,ads
groundtruth.com,ads
gscontxt.net,ads
gstaticx.com,ads
guardeddirection.com,ads
guardedschool.com,ads
gunggo.com,ads
h-bid.com,ads
h0.t.hubspotemail.net,ads
h78xb.pw,ads
habitualhumor.com,ads
halcyoncanyon.com,ads
haltingbadge.com,ads
hammerhearing.com,ads
handsomehose.com,ads
handyfield.com,ads
handyfireman.com,ads
handyincrease.com,ads
haplesshydrant.com,ads
hardtofindmilk.com,ads
harrenmedia.com,ads
harrenmedianetwork.com,ads
hb.afl.rakuten.co.jp,ads
hb.vntsm.com,ads
hbb.afl.rakuten.co.jp,ads
hbopenbid.pubmatic.com,ads
hdscout.com,ads
heap.com,ads
hearinglizards.com,ads
hellobar.com,ads
helpcollar.com,ads
hentaicounter.com,ads
herbalaffiliateprogram.com,ads
hexcan.com,ads
hexusads.fluent.ltd.uk,ads
heyos.com,ads
hf5rbejvpwds.com,ads
hfc195b.com,ads
hgads.com,ads
highfalutinroom.com,ads
hightrafficads.com,ads
hilariouszinc.com,ads
histats.com,ads
historicalrequest.com,ads
hit-parade.com,ads
hit.ua,ads
hit.webcentre.lycos.co.uk,ads
hitbox.com,ads
hitcounters.miarroba.com,ads
hitlist.ru,ads
hitlounge.com,ads
hitometer.com,ads
hits-i.iubenda.com,ads
hits.europuls.eu,ads
hits.informer.com,ads
hits.puls.lv,ads
hits.sh,ads
hits.theguardian.com,ads
hits4me.com,ads
hitslink.com,ads
hittail.com,ads
hlok.qertewrt.com,ads
hocgeese.com,ads
hollowafterthought.com,ads
homelycrown.com,ads
homepageking.de,ads
honeygoldfish.com,ads
honorablehall.com,ads
honorableland.com,ads
hostedads.realitykings.com,ads
hotjar.com,ads
hotlog.ru,ads
hotrank.com.tw,ads
hoverowl.com,ads
hs-analytics.net,ads
hs-banner.com,ads
hsadspixel.net,ads
hsleadflows.net,ads
hsn.uqhv.net,ads
htlbid.com,ads
httpool.com,ads
hubadnetwork.com,ads
hubspotlinks.com,ads
hueads.com,ads
hueadsortb.com,ads
hueadsxml.com,ads
hurricanedigitalmedia.com,ads
hurtteeth.com,ads
hydramedia.com,ads
hyperbanner.net,ads
hypertracker.com,ads
hyprmx.com,ads
hystericalcloth.com,ads
hystericalhelp.com,ads
i-i.lt,ads
i1media.no,ads
i305175.net,ads
ia.iinfo.cz,ads
iad.anm.co.uk,ads
iadnet.com,ads
iasds01.com,ads
ibillboard.com,ads
icptrack.com,ads
id5-sync.com,ads
idealadvertising.net,ads
idevaffiliate.com,ads
idtargeting.com,ads
ientrymail.com,ads
iesnare.com,ads
ifa.tube8live.com,ads
ilbanner.com,ads
ilead.itrack.it,ads
illfatedsnail.com,ads
illustriousoatmeal.com,ads
image2.pubmatic.com,ads
image3.pubmatic.com,ads
image4.pubmatic.com,ads
image6.pubmatic.com,ads
imagecash.net,ads
images-pw.secureserver.net,ads
imarketservices.com,ads
img.prohardver.hu,ads
imgpromo.easyrencontre.com,ads
immensehoney.com,ads
imonomy.com,ads
imp.i312864.net,ads
importedincrease.com,ads
impossibleexpansion.com,ads
imprese.cz,ads
impressionmedia.cz,ads
impressionmonster.com,ads
improvedigital.com,ads
impulsehands.com,ads
imrworldwide.com,ads
inclk.com,ads
incognitosearches.com,ads
incoming-telemetry.thunderbird.net,ads
incoming.telemetry.mozilla.org,ads
indexexchange.com,ads
indexstats.com,ads
indexww.com,ads
indieclick.com,ads
industrybrains.com,ads
inetlog.ru,ads
infinite-ads.com,ads
infinityads.com,ads
infoevent.startappservice.com,ads
infolinks.com,ads
inmobi.com,ads
inner-active.com,ads
innocentinvention.com,ads
innocentwax.com,ads
innovid.com,ads
inquisitiveinvention.com,ads
insgly.net,ads
insightexpress.com,ads
insightexpressai.com,ads
inskinad.com,ads
inspectlet.com,ads
install.365-stream.com,ads
instantmadness.com,ads
insticator.com,ads
instinctiveads.com,ads
instrumentsponge.com,ads
intelliads.com,ads
intelligenceadx.com,ads
interactive.forthnet.gr,ads
intercom-clicks.com,ads
intergi.com,ads
internalcondition.com,ads
internetfuel.com,ads
interreklame.de,ads
intnotif.club,ads
inventionpassenger.com,ads
invitesugar.com,ads
ioam.de,ads
ip.ro,ads
ip193.cn,ads
iperceptions.com,ads
ipredictive.com,ads
ipstack.com,ads
irchan.com,ads
ireklama.cz,ads
is-tracking-pixel-api-prod.appspot.com,ads
itop.cz,ads
its-that-easy.com,ads
ivwbox.de,ads
ivykiosk.com,ads
iyfnzgb.com,ads
j93557g.com,ads
jadeitite.com,ads
jads.co,ads
jauchuwa.net,ads
jcount.com,ads
jdoqocy.com,ads
jinkads.de,ads
joetec.net,ads
joyoussurprise.com,ads
js-agent.newrelic.com,ads
js-api.otherlevels.com,ads
js-tags.otherlevels.com,ads
js.iterable.com,ads
js.users.51.la,ads
jsecoin.com,ads
jsrdn.com,ads
jubilantglimmer.com,ads
juicyads.com,ads
juicyads.me,ads
jumptap.com,ads
jungroup.com,ads
justicejudo.com,ads
justpremium.com,ads
justrelevant.com,ads
k.iinfo.cz,ads
kameleoon.eu,ads
kanoodle.com,ads
kargo.com,ads
karonty.com,ads
kesmatic.com,ads
keymedia.hu,ads
kindads.com,ads
kissmetrics.com,ads
klclick.com,ads
klclick1.com,ads
kliks.nl,ads
klsdee.com,ads
kmpiframe.keepmeposted.com.mt,ads
knorex.com,ads
knottyswing.com,ads
komoona.com,ads
kompasads.com,ads
kontera.com,ads
kost.tv,ads
kpu.samsungelectronics.com,ads
krxd.net,ads
kt5850pjz0.com,ads
ktu.sv2.biz,ads
kubient.com,ads
l1.britannica.com,ads
l6b587txj1.com,ads
lakequincy.com,ads
lameletters.com,ads
larati.net,ads
largebrass.com,ads
laughablecopper.com,ads
laughcloth.com,ads
launchbit.com,ads
layer-ad.de,ads
layer-ads.de,ads
lbn.ru,ads
leadboltads.net,ads
leadclick.com,ads
leadingedgecash.com,ads
leadplace.fr,ads
leadspace.com,ads
leadzupc.com,ads
leaplunchroom.com,ads
leftliquid.com,ads
lemmatechnologies.com,ads
lemnisk.co,ads
lettucelimit.com,ads
lever-analytics.com,ads
lfeeder.com,ads
lfstmedia.com,ads
lgad.cjpowercast.com.edgesuite.net,ads
lgsmartad.com,ads
li.alibris.com,ads
li.azstarnet.com,ads
li.dailycaller.com,ads
li.gatehousemedia.com,ads
li.gq.com,ads
li.hearstmags.com,ads
li.livingsocial.com,ads
li.mw.drhinternet.net,ads
li.onetravel.com,ads
li.patheos.com,ads
li.pmc.com,ads
li.purch.com,ads
li.realtor.com,ads
li.walmart.com,ads
li.ziffimages.com,ads
liadm.com,ads
lifeimpressions.net,ads
liftdna.com,ads
ligatus.com,ads
ligatus.de,ads
lightcast.leadscoringcenter.com,ads
lightcushion.com,ads
lightspeedcash.com,ads
lightstep.medium.systems,ads
lijit.com,ads
link-booster.de,ads
link.axios.com,ads
link.email.usmagazine.com,ads
link.sbstck.com,ads
link.theatlantic.com,ads
link.uk.expediamail.com,ads
link4ads.com,ads
linkbuddies.com,ads
linkexchange.com,ads
linkprice.com,ads
linkrain.com,ads
linkreferral.com,ads
links-ranking.de,ads
links.email.crunchbase.com,ads
links.zoopla.co.uk,ads
linkstorms.com,ads
linkswaper.com,ads
linksynergy.com,ads
linktarget.com,ads
linkvertise.com,ads
liquidad.narrowcastmedia.com,ads
litix.io,ads
liveadexchanger.com,ads
liveintent.com,ads
livelylaugh.com,ads
livelyreward.com,ads
liverail.com,ads
livingsleet.com,ads
lizardslaugh.com,ads
lkqd.com,ads
lnks.gd,ads
loading321.com,ads
loadsurprise.com,ads
locked4.com,ads
lockerdome.com,ads
locpub.com,ads
log.btopenworld.com,ads
log.logrocket.io,ads
log.pinterest.com,ads
log.videocampaign.co,ads
logger.snackly.co,ads
logs.roku.com,ads
logs.spilgames.com,ads
logsss.com,ads
logua.com,ads
longinglettuce.com,ads
look.djfiln.com,ads
look.ichlnk.com,ads
look.opskln.com,ads
look.ufinkln.com,ads
loopme.com,ads
loudlunch.com,ads
lp3tdqle.com,ads
lucidmedia.com,ads
luckyorange.com,ads
ludicrousarch.com,ads
lytics.io,ads
lzjl.com,ads
m.trb.com,ads
m2.ai,ads
m32.media,ads
m4n.nl,ads
m6r.eu,ads
mackeeperapp.mackeeper.com,ads
madclient.uimserv.net,ads
madcpms.com,ads
madinad.com,ads
madisonavenue.com,ads
madvertise.de,ads
magicadz.co,ads
magicaljoin.com,ads
magnificentmist.com,ads
mail-ads.google.com,ads
maltiverse.lt.acemlnc.com,ads
manageadv.cblogs.eu,ads
mantisadnetwork.com,ads
marinsm.com,ads
markedcrayon.com,ads
markedmeasure.com,ads
markedpail.com,ads
marketing.888.com,ads
marketing.desertcart.com,ads
marketing.hearstmagazines.nl,ads
marketing.net.brillen.de,ads
marketing.net.home24.de,ads
marketing.net.occhiali24.it,ads
marketing.nyi.net,ads
marketing.osijek031.com,ads
marketingsolutions.yahoo.com,ads
marketo.com,ads
marlowpillow.sjv.io,ads
marriedbelief.com,ads
mas.sector.sk,ads
massivemark.com,ads
matchcraft.com,ads
materialmoon.com,ads
matheranalytics.com,ads
mathtag.com,ads
matomo.activate.cz,ads
matomo.crossiety.app,ads
mautic.com,ads
max.i12.de,ads
maximiser.net,ads
maxonclick.com,ads
mbs.megaroticlive.com,ads
mcdlks.com,ads
mcs-va.tiktok.com,ads
mcs-va.tiktokv.com,ads
meadowlullaby.com,ads
measlymiddle.com,ads
measure.office.com,ads
measuremap.com,ads
meatydime.com,ads
media-adrunner.mycomputer.com,ads
media.funpic.de,ads
media.net,ads
media01.eu,ads
media6degrees.com,ads
mediaarea.eu,ads
mediabridge.cc,ads
mediacharger.com,ads
mediafuse.com,ads
mediageneral.com,ads
mediaiqdigital.com,ads
mediamath.com,ads
mediamgr.ugo.com,ads
mediaplazza.com,ads
mediaplex.com,ads
mediascale.de,ads
mediaserver.bwinpartypartners.it,ads
mediasmart.io,ads
mediatext.com,ads
mediavine.com,ads
mediavoice.com,ads
mediax.angloinfo.com,ads
mediaz.angloinfo.com,ads
medleyads.com,ads
medyanetads.com,ads
meetrics.net,ads
megacash.de,ads
megapu.sh,ads
megastats.com,ads
megawerbung.de,ads
meltmilk.com,ads
memorizeneck.com,ads
memorycobweb.com,ads
messagenovice.com,ads
metadsp.co.uk,ads
metaffiliation.com,ads
metanetwork.com,ads
methodcash.com,ads
metrics-logger.spot.im,ads
metrics.api.drift.com,ads
metrics.articulate.com,ads
metrics.cnn.com,ads
metrics.consumerreports.org,ads
metrics.ctv.ca,ads
metrics.foxnews.com,ads
metrics.getrockerbox.com,ads
metrics.gfycat.com,ads
metrics.govexec.com,ads
metrics.icloud.com,ads
metrics.mzstatic.com,ads
metrilo.com,ads
mfadsrvr.com,ads
mg2connext.com,ads
mgid.com,ads
microstatic.pl,ads
microticker.com,ads
militaryverse.com,ads
milotree.com,ads
minewhat.com,ads
minormeeting.com,ads
mintegral.com,ads
minusmental.com,ads
minuterhythm.com,ads
mittencattle.com,ads
mix2ads.com,ads
mixedreading.com,ads
mixpanel.com,ads
mkto-ab410147.com,ads
mktoresp.com,ads
ml314.com,ads
mlsend.com,ads
mltrk.io,ads
mmismm.com,ads
mmstat.com,ads
mmtro.com,ads
mntzrlt.net,ads
moartraffic.com,ads
moat.com,ads
moatads.com,ads
moatpixel.com,ads
mobclix.com,ads
mobfox.com,ads
mobileanalytics.us-east-1.amazonaws.com,ads
mobilefuse.com,ads
modernpricing.com,ads
modifyeyes.com,ads
moldyicicle.com,ads
mon-va.byteoversea.com,ads
mon.byteoversea.com,ads
monarchads.com,ads
monetate.net,ads
monetizer101.com,ads
moneyexpert.co.uk,ads
monsterpops.com,ads
mookie1.com,ads
mopub.com,ads
motionlessmeeting.com,ads
motionspots.com,ads
mousestats.com,ads
movad.net,ads
movemeal.com,ads
mowfruit.com,ads
mparticle.com,ads
mpstat.us,ads
mr-rank.de,ads
mrskincash.com,ads
mstrlytcs.com,ads
mtrcs.samba.tv,ads
mtree.com,ads
munchkin.marketo.net,ads
mundanenail.com,ads
mundanepollution.com,ads
musiccounter.ru,ads
muteknife.com,ads
muwmedia.com,ads
mxptint.net,ads
myads.company,ads
myads.net,ads
myads.telkomsel.com,ads
myaffiliateprogram.com,ads
mybbc-analytics.files.bbci.co.uk,ads
mybetterdl.com,ads
mybloglog.com,ads
mybuys.com,ads
mycounter.ua,ads
mydas.mobi,ads
mylink-today.com,ads
mypagerank.net,ads
mypagerank.ru,ads
mypowermall.com,ads
mystat-in.net,ads
mystat.pl,ads
mysteriousmonth.com,ads
mytop-in.net,ads
n2.mouseflow.com,ads
n69.com,ads
naj.sk,ads
naj22.proasdf.com,ads
nappyattack.com,ads
nappyneck.com,ads
nastydollars.com,ads
nativeroll.tv,ads
navegg.com,ads
navigator.io,ads
navrcholu.cz,ads
ncaudienceexchange.com,ads
ndparking.com,ads
nebulacrescent.com,ads
nedstatbasic.net,ads
needlessnorth.com,ads
needyneedle.com,ads
neighborlywatch.com,ads
nend.net,ads
neocounter.neoworx-blog-tools.net,ads
nervoussummer.com,ads
net-filter.com,ads
netaffiliation.com,ads
netagent.cz,ads
netclickstats.com,ads
netcommunities.com,ads
netdirect.nl,ads
netech.postaffiliatepro.com,ads
netincap.com,ads
netmera-web.com,ads
netmera.com,ads
netmng.com,ads
netpool.netbookia.net,ads
netshelter.net,ads
neudesicmediagroup.com,ads
newads.bangbros.com,ads
newnet.qsrch.com,ads
newnudecash.com,ads
newopenx.detik.com,ads
newsadsppush.com,ads
newsletter-link.com,ads
newstarads.com,ads
newt1.adultadworld.com,ads
newt1.adultworld.com,ads
nexac.com,ads
nexage.com,ads
ng3.ads.warnerbros.com,ads
nitroclicks.com,ads
nocturnalloom.com,ads
noiselessplough.com,ads
nondescriptcrowd.com,ads
nondescriptnote.com,ads
nondescriptsmile.com,ads
nondescriptstocking.com,ads
nothingunit.com,ads
novem.pl,ads
npttech.com,ads
nr-data.net,ads
nr.mmcdn.com,ads
nr.static.mmcdn.com,ads
ns1p.net,ads
ntv.io,ads
ntvk1.ru,ads
nullitics.com,ads
nuseek.com,ads
nutritiousbean.com,ads
nuttyorganization.com,ads
nzaza.com,ads
o2.mouseflow.com,ads
o333o.com,ads
oafishobservation.com,ads
oas.benchmark.fr,ads
oas.repubblica.it,ads
oas.roanoke.com,ads
oas.toronto.com,ads
oas.uniontrib.com,ads
oascentral.chicagobusiness.com,ads
oascentral.fortunecity.com,ads
oascentral.register.com,ads
obscenesidewalk.com,ads
observantice.com,ads
oclasrv.com,ads
odbierz-bony.ovp.pl,ads
oewa.at,ads
offaces-butional.com,ads
offer.fyber.com,ads
offer.sponsorpay.com,ads
offerforge.com,ads
offermatica.com,ads
oglasi.posjetnica.com,ads
ogury.com,ads
ojrq.net,ads
omnijay.com,ads
omniscientspark.com,ads
omniture.com,ads
omtrdc.net,ads
onaudience.com,ads
onclasrv.com,ads
onclickads.net,ads
oneandonlynetwork.com,ads
onenetworkdirect.com,ads
onestat.com,ads
onestatfree.com,ads
online-metrix.net,ads
online.miarroba.com,ads
onlinecash.com,ads
onlinecashmethod.com,ads
onlinerewardcenter.com,ads
onscroll.com,ads
onthe.io,ads
opads.us,ads
open.oneplus.net,ads
openad.tf1.fr,ads
openad.travelnow.com,ads
openads.friendfinder.com,ads
openads.org,ads
openadsnetwork.com,ads
openbid.pubmatic.com,ads
openx.angelsgroup.org.uk,ads
openx.cairo360.com,ads
openx.net,ads
openx.skinet.cz,ads
openx.smcaen.fr,ads
openx2.kytary.cz,ads
operationchicken.com,ads
opienetwork.com,ads
opmnstr.com,ads
oppuz.com,ads
optimallimit.com,ads
optimizely.com,ads
optimost.com,ads
optmd.com,ads
optmnstr.com,ads
optmstr.com,ads
optnmstr.com,ads
optnx.com,ads
orientedargument.com,ads
orionember.com,ads
ota.cartrawler.com,ads
otto-images.developershed.com,ads
outbrain.com,ads
overconfidentfood.com,ads
overture.com,ads
ow.pubmatic.com,ads
owebanalytics.com,ads
owebmoney.ru,ads
owlsr.us,ads
owneriq.net,ads
ox1.shopcool.com.tw,ads
oxado.com,ads
oxcash.com,ads
oxen.hillcountrytexas.com,ads
p-n.io,ads
p.nag.ru,ads
paddleangle.com,ads
padsbrown.com,ads
pagead.l.google.com,ads
pagefair.com,ads
pagerank-ranking.de,ads
pageranktop.com,ads
painstakingpickle.com,ads
paleleaf.com,ads
panickycurtain.com,ads
panickypancake.com,ads
panoramicplane.com,ads
parachutehome.sjv.io,ads
paradoxfactor.com,ads
parchedangle.com,ads
parchedsofa.com,ads
pardonpopular.com,ads
parentpicture.com,ads
parsely.com,ads
parsimoniouspolice.com,ads
partner-ads.com,ads
partner.pelikan.cz,ads
partnerad.l.google.com,ads
partnerads.ysm.yahoo.com,ads
partnercash.de,ads
partners.priceline.com,ads
partplanes.com,ads
passeura.com,ads
paychat.fuse-cloud.com,ads
paycounter.com,ads
paypopup.com,ads
pbnet.ru,ads
pbterra.com,ads
pc-tc.s3-eu-west-1.amazonaws.com,ads
pcash.imlive.com,ads
peep-auktion.de,ads
peer39.com,ads
pennyweb.com,ads
pepperjamnetwork.com,ads
perceivequarter.com,ads
percentmobile.com,ads
perfectaudience.com,ads
perfiliate.com,ads
performancerevenue.com,ads
performancerevenues.com,ads
performancing.com,ads
permutive.com,ads
personagraph.com,ads
petiteumbrella.com,ads
pgl.example.com,ads
pgl.example0101,ads
pgmediaserve.com,ads
pgpartner.com,ads
pheedo.com,ads
phoenix-adrunner.mycomputer.com,ads
photographpan.com,ads
physicalbikes.com,ads
piano.io,ads
piet2eix3l.com,ads
pietexture.com,ads
pimproll.com,ads
ping.ublock.org,ads
pipedream.wistia.com,ads
pippio.com,ads
piquantpigs.com,ads
pix.spot.im,ads
pixel.condenastdigital.com,ads
pixel.keywee.co,ads
pixel.sojern.com,ads
pixel.watch,ads
pixel.yabidos.com,ads
placed.com,ads
placeframe.com,ads
placidactivity.com,ads
plausibleio.workers.dev,ads
play4traffic.com,ads
playhaven.com,ads
pleasantpump.com,ads
plista.com,ads
plotrabbit.com,ads
pltraffic8.com,ads
pluckypocket.com,ads
plugrush.com,ads
pocketfaucet.com,ads
pointlesshour.com,ads
pointlessprofit.com,ads
pointroll.com,ads
pokkt.com,ads
popads.net,ads
popcash.net,ads
popmyads.com,ads
popplantation.com,ads
popub.com,ads
popunder.ru,ads
popunhot1.blogspot.com,ads
popup.msn.com,ads
popupmoney.com,ads
popupnation.com,ads
popuptraffic.com,ads
porngraph.com,ads
porntrack.com,ads
possessivebucket.com,ads
possibleboats.com,ads
possiblepencil.com,ads
post.spmailtechno.com,ads
postback.iqm.com,ads
postrelease.com,ads
ppc.adhere.marchex.com,ads
pr-star.de,ads
praddpro.de,ads
prchecker.info,ads
prebid.org,ads
predictad.com,ads
premium-offers.com,ads
presetrabbits.com,ads
previousplayground.com,ads
previouspotato.com,ads
prf.hn,ads
priceypies.com,ads
priefy.com,ads
primetime.net,ads
privatecash.com,ads
prmtracking.com,ads
pro-market.net,ads
probablepartner.com,ads
processplantation.com,ads
producecopy.com,ads
proext.com,ads
profero.com,ads
profitrumour.com,ads
programattik.com,ads
projectwonderful.com,ads
promo.badoink.com,ads
promobenef.com,ads
promos.bwin.it,ads
promos.fling.com,ads
promote.pair.com,ads
promotions-884485.c.cdn77.org,ads
pronetadvertising.com,ads
proof-x.com,ads
propellerads.com,ads
propellerclick.com,ads
proper.io,ads
props.id,ads
prosper.on-line-casino.ca,ads
protectcrev.com,ads
protectivemetrics.com,ads
protectsubrev.com,ads
protestcopy.com,ads
proton-tm.com,ads
protraffic.com,ads
provenpixel.com,ads
provexia.com,ads
prpops.com,ads
prsitecheck.com,ads
pstmrk.it,ads
psychedelicchess.com,ads
ptoushoa.com,ads
pub.chez.com,ads
pub.club-internet.fr,ads
pub.hardware.fr,ads
pub.network,ads
pub.realmedia.fr,ads
pubdirecte.com,ads
publicidad.elmundo.es,ads
publicidees.com,ads
publicsofa.com,ads
pubmine.com,ads
pubnative.net,ads
puffyloss.com,ads
puffypaste.com,ads
puffypull.com,ads
puffypurpose.com,ads
pureclarity.net,ads
pushame.com,ads
pushance.com,ads
pushazer.com,ads
pushengage.com,ads
pushno.com,ads
pushtrack.co,ads
pushwhy.com,ads
px.dynamicyield.com,ads
px.gfycat.com,ads
px.spiceworks.com,ads
pxf.io,ads
pxl-mailtracker.com,ads
pxl.iqm.com,ads
pymx5.com,ads
q.azcentral.com,ads
q1connect.com,ads
qctop.com,ads
ql.tc,ads
qnsr.com,ads
qrlsx.com,ads
quacksquirrel.com,ads
quaintcan.com,ads
quantcast.com,ads
quantcount.com,ads
quantserve.com,ads
quantummetric.com,ads
quarterbean.com,ads
quarterserver.de,ads
quickkoala.io,ads
quicksandear.com,ads
quietknowledge.com,ads
quinst.com,ads
quirkysugar.com,ads
quisma.com,ads
quizzicalzephyr.com,ads
r.logrocket.io,ads
r.msn.com,ads
r.scoota.co,ads
r.sibmail.havasit.com,ads
r1.visualwebsiteoptimizer.com,ads
r2.visualwebsiteoptimizer.com,ads
r3.visualwebsiteoptimizer.com,ads
raac33.net,ads
rabbitrifle.com,ads
radar.cedexis.com,ads
radiate.com,ads
radiateprose.com,ads
rads.realadmin.pl,ads
railwayrainstorm.com,ads
railwayreason.com,ads
rambunctiousflock.com,ads
rambunctiousvoyage.com,ads
rampidads.com,ads
rankchamp.de,ads
ranking-charts.de,ads
ranking-hits.de,ads
ranking-links.de,ads
ranking-liste.de,ads
rankingchart.de,ads
rankingscout.com,ads
rankyou.com,ads
rapidcounter.com,ads
rapidkittens.com,ads
raresummer.com,ads
rate.ru,ads
ratings.lycos.com,ads
rayjump.com,ads
rcadserver.com,ads
reachjunction.com,ads
reactx.com,ads
readgoldfish.com,ads
readingguilt.com,ads
readserver.net,ads
readymoon.com,ads
realcastmedia.com,ads
realclever.com,ads
realclix.com,ads
realmedia-a800.d4p.net,ads
realsrv.com,ads
realtechnetwork.com,ads
realtracker.com,ads
rebelhen.com,ads
rebelsubway.com,ads
rebelswing.com,ads
rec5.visualwebsiteoptimizer.com,ads
recapture.io,ads
receptiveink.com,ads
receptivereaction.com,ads
recoco.it,ads
reconditerake.com,ads
record.bonniergaming.com,ads
record.mrwin.com,ads
redirectingat.com,ads
redirectvoluum.com,ads
redshell.io,ads
reduxmedia.com,ads
referralware.com,ads
referrer.disqus.com,ads
reflectivereward.com,ads
regnow.com,ads
regularplants.com,ads
reklam.rfsl.se,ads
reklama.mironet.cz,ads
reklamcsere.hu,ads
reklamdsp.com,ads
relmaxtop.com,ads
rememberdiscussion.com,ads
remox.com,ads
republika.onet.pl,ads
resalag.com,ads
resolutekey.com,ads
resonantbrush.com,ads
resonate.com,ads
responsiveads.com,ads
restrainstorm.com,ads
retargeter.com,ads
revcatch.com,ads
revcontent.com,ads
reveal.clearbit.com,ads
revenuedirect.com,ads
revenuehits.com,ads
revive.docmatic.org,ads
revive.dubcnm.com,ads
revive.haskovo.net,ads
revive.netriota.hu,ads
revive.plays.bg,ads
revlift.io,ads
revprotect.com,ads
revstats.com,ads
rexadvert.xyz,ads
reyden-x.com,ads
rhombusads.com,ads
rhythmone.com,ads
richmails.com,ads
richstring.com,ads
rightstats.com,ads
ringplant.com,ads
ringsrecord.com,ads
ritzykey.com,ads
ritzyrepresentative.com,ads
rlcdn.com,ads
rle.ru,ads
rmads.msn.com,ads
rmedia.boston.com,ads
rmgserving.com,ads
roar.com,ads
robotreplay.com,ads
rockabox.co,ads
rok.com.com,ads
rollconnection.com,ads
rose.ixbt.com,ads
rotabanner.com,ads
roughroll.com,ads
roxr.net,ads
rqtrk.eu,ads
rs6.net,ads
rta.dailymail.co.uk,ads
rtb.gumgum.com,ads
rtbadzesto.com,ads
rtbflairads.com,ads
rtbplatform.net,ads
rtbpop.com,ads
rtbpopd.com,ads
rtmark.net,ads
rtxplatform.com,ads
ru4.com,ads
rubiconproject.com,ads
rum-http-intake.logs.datadoghq.com,ads
rum-http-intake.logs.datadoghq.eu,ads
runads.com,ads
rundsp.com,ads
ruralrobin.com,ads
ruthlessrobin.com,ads
s.adroll.com,ads
s.dmmew.com,ads
s1-adfly.com,ads
s20dh7e9dh.com,ads
s2d6.com,ads
sabio.us,ads
sadloaf.com,ads
safeanalytics.net,ads
sail-horizon.com,ads
samplesamba.com,ads
samsungacr.com,ads
samsungads.com,ads
sanalytics.disneyplus.com,ads
sanity-dataplane.rudderstack.com,ads
savoryorange.com,ads
saysidewalk.com,ads
sbird.xyz,ads
sbx.pagesjaunes.fr,ads
sc-analytics.appspot.com,ads
scambiobanner.aruba.it,ads
scanscout.com,ads
scarcesign.com,ads
scaredsnakes.com,ads
scaredsong.com,ads
scaredswing.com,ads
scarfsmash.com,ads
scatteredheat.com,ads
scatteredquiver.com,ads
scintillatingscissors.com,ads
scintillatingsilver.com,ads
scintillatingspace.com,ads
scissorsstatement.com,ads
scopelight.com,ads
scorecardresearch.com,ads
scratch2cash.com,ads
screechingfurniture.com,ads
screechingslip.com,ads
screechingstocking.com,ads
screechingstove.com,ads
scripte-monster.de,ads
scrubswim.com,ads
sdkfjxjertertry.com,ads
seadform.net,ads
searchmarketing.com,ads
searchramp.com,ads
secre.jp,ads
secretivecub.com,ads
secretspiders.com,ads
secure.webconnect.net,ads
securedopen-bp.com,ads
securely-protectsoft.com,ads
securemetrics.apple.com,ads
securemetrics.apple.com.cn,ads
sedoparking.com,ads
sedotracker.com,ads
segment-cdn.producthunt.com,ads
selectivesummer.com,ads
semasio.net,ads
sendmepixel.com,ads
separatesilver.com,ads
seraphichorizon.com,ads
serendipityecho.com,ads
serpentshampoo.com,ads
serv0.com,ads
servads.net,ads
serve.tercept.com,ads
servedby-buysellads.com,ads
servedbyadbutler.com,ads
servedbyopenx.com,ads
servethis.com,ads
services.hearstmags.com,ads
serving-sys.com,ads
sessioncam.com,ads
sexcounter.com,ads
sexinyourcity.com,ads
sexlist.com,ads
sextracker.com,ads
shakegoldfish.com,ads
shakesuggestion.com,ads
shakyseat.com,ads
shakytaste.com,ads
shallowsmile.com,ads
shareadspace.com,ads
shareasale.com,ads
sharethrough.com,ads
sharppatch.com,ads
sher.index.hu,ads
shesubscriptions.com,ads
shinystat.com,ads
shinystat.it,ads
shiveringspot.com,ads
shiverscissors.com,ads
shockinggrass.com,ads
shoppingads.com,ads
showads.pubmatic.com,ads
shrillspoon.com,ads
shxtrk.com,ads
sickflock.com,ads
sicksmash.com,ads
sidebar.angelfire.com,ads
signalayer.com,ads
silkysquirrel.com,ads
sillyscrew.com,ads
silvermob.com,ads
simpleanalytics.io,ads
simpli.fi,ads
simulateswing.com,ads
sincerebuffalo.com,ads
sinoa.com,ads
sitedataprocessing.com,ads
siteimproveanalytics.com,ads
siteimproveanalytics.io,ads
siteintercept.qualtrics.com,ads
sitemeter.com,ads
sixscissors.com,ads
sixsigmatraffic.com,ads
sizesidewalk.com,ads
sizmek.com,ads
skimresources.com,ads
skisofa.com,ads
skroutza.skroutz.gr,ads
skylink.vn,ads
sleepcartoon.com,ads
slipperysack.com,ads
slopeaota.com,ads
smaato.com,ads
smallbeginner.com,ads
smart-data-systems.com,ads
smart-traffik.com,ads
smart-traffik.io,ads
smart4ads.com,ads
smartadserver.com,ads
smartclip.net,ads
smartlook.com,ads
smartstream.tv,ads
smartyads.com,ads
smashquartz.com,ads
smashsurprise.com,ads
smetrics.10daily.com.au,ads
smetrics.bestbuy.com,ads
smetrics.ctv.ca,ads
smetrics.fedex.com,ads
smetrics.foxnews.com,ads
smetrics.walgreens.com,ads
smetrics.washingtonpost.com,ads
smilingcattle.com,ads
smilingwaves.com,ads
smoggysnakes.com,ads
smrtb.com,ads
snapads.com,ads
snoobi.com,ads
socialspark.com,ads
softclick.com.br,ads
soggysponge.com,ads
soggyzoo.com,ads
sombersea.com,ads
sombersquirrel.com,ads
sombersurprise.com,ads
somniture.stuff.co.nz,ads
somoaudience.com,ads
sonobi.com,ads
sordidsmile.com,ads
sordidstation.com,ads
sortable.com,ads
sortsail.com,ads
sourcepoint.vice.com,ads
sovrn.com,ads
spacash.com,ads
spaceleadster.com,ads
spadelocket.com,ads
sparklingshelf.com,ads
sparkstudios.com,ads
speakol.com,ads
specially4u.net,ads
specificmedia.co.uk,ads
specificpop.com,ads
speedomizer.com,ads
speedshiftmedia.com,ads
spezialreporte.de,ads
spidersboats.com,ads
spiffymachine.com,ads
spinbox.techtracker.com,ads
spinbox.versiontracker.com,ads
spinnaker-js.com,ads
spirebaboon.com,ads
sponsorads.de,ads
sponsorpro.de,ads
sponsors.thoughtsmedia.com,ads
spookysleet.com,ads
spot.fitness.com,ads
spotlessstamp.com,ads
spotscenered.info,ads
spotx.tv,ads
spotxchange.com,ads
springaftermath.com,ads
springbot.com,ads
springserve.com,ads
spulse.net,ads
spurioussteam.com,ads
spylog.com,ads
spywarelabs.com,ads
spywords.com,ads
squirrelhands.com,ads
srvmath.com,ads
srvtrck.com,ads
srwww1.com,ads
sshowads.pubmatic.com,ads
st.dynamicyield.com,ads
st.pubmatic.com,ads
stack-sonar.com,ads
stackadapt.com,ads
stakingscrew.com,ads
stakingslope.com,ads
stakingsmile.com,ads
stalesummer.com,ads
standingnest.com,ads
starffa.com,ads
startapp.com,ads
stat-track.com,ads
stat.cliche.se,ads
stat.dyna.ultraweb.hu,ads
stat.pl,ads
stat.webmedia.pl,ads
stat.xiaomi.com,ads
stat.zenon.net,ads
stat24.com,ads
stat24.meta.ua,ads
statcounter.com,ads
statdynamic.com,ads
static-tracking.klaviyo.com,ads
static.fmpub.net,ads
static.itrack.it,ads
static.kameleoon.com,ads
staticads.btopenworld.com,ads
statistik-gallup.net,ads
statm.the-adult-company.com,ads
stats.blogger.com,ads
stats.hyperinzerce.cz,ads
stats.merriam-webster.com,ads
stats.mirrorfootball.co.uk,ads
stats.nextgen-email.com,ads
stats.olark.com,ads
stats.pusher.com,ads
stats.rdphv.net,ads
stats.self.com,ads
stats.stb-ottow.de,ads
stats.townnews.com,ads
stats.wordpress.com,ads
stats.wp.com,ads
stats.x14.eu,ads
stats2.self.com,ads
stats4all.com,ads
statserv.net,ads
statsie.com,ads
statxpress.com,ads
steadfastsound.com,ads
steadfastsystem.com,ads
steelhouse.com,ads
steelhousemedia.com,ads
steepscale.com,ads
stepplane.com,ads
stickssheep.com,ads
stickyadstv.com,ads
stiffgame.com,ads
stimulatingsneeze.com,ads
stomachscience.com,ads
stopstomach.com,ads
storesurprise.com,ads
storetail.io,ads
stormyachiever.com,ads
storygize.net,ads
stoveseashore.com,ads
strack.pubmatic.com,ads
straightnest.com,ads
stretchsquirrel.com,ads
stripedburst.com,ads
strivesidewalk.com,ads
structurerod.com,ads
stupendoussleet.com,ads
stupendoussnow.com,ads
subscribe.hearstmags.com,ads
succeedscene.com,ads
suddensidewalk.com,ads
sugarcurtain.com,ads
sugoicounter.com,ads
sulkybutter.com,ads
sulkycook.com,ads
summerhamster.com,ads
summerobject.com,ads
sumo.com,ads
sumome.com,ads
superclix.de,ads
superficialsquare.com,ads
supersonicads.com,ads
superstats.com,ads
supertop.ru,ads
supertop100.com,ads
supply.colossusssp.com,ads
supportwaves.com,ads
surfmusik-adserver.de,ads
surveygizmobeacon.s3.amazonaws.com,ads
sw88.espn.com,ads
swan-swan-goose.com,ads
swankysquare.com,ads
swimslope.com,ads
swingslip.com,ads
swordgoose.com,ads
synonymoussticks.com,ads
t.appsflyer.com,ads
t.bawafx.com,ads
t.carta.com,ads
t.co,ads
t.eloqua.com,ads
t.email.superdrug.com,ads
t.en25.com,ads
t.firstpromoter.com,ads
t.insigit.com,ads
t.irtyd.com,ads
t.leady.com,ads
t.mmtrkr.com,ads
t.news.browns-restaurants.co.uk,ads
t.notif-colissimo-laposte.info,ads
t.podcast.co,ads
t.pubmatic.com,ads
t.salesmatemail.com,ads
t.vacations.disneydestinations.com,ads
t.visit.disneydestinations.com,ads
t.visitorqueue.com,ads
taboola.com,ads
tag-demo.mention-me.com,ads
tag.links-analytics.com,ads
tag.mention-me.com,ads
tagcommander.com,ads
tagger.opecloud.com,ads
tags.tiqcdn.com,ads
tagular.com,ads
tailsweep.com,ads
tailsweep.se,ads
takethatad.com,ads
talentedsteel.com,ads
tamgrt.com,ads
tangibleteam.com,ads
tangyamount.com,ads
tapad.com,ads
tapfiliate.com,ads
tapinfluence.com,ads
tapjoy.com,ads
tappx.com,ads
targad.de,ads
target.microsoft.com,ads
targeting.api.drift.com,ads
targeting.nzme.arcpublishing.com,ads
targeting.voxus.tv,ads
targetingnow.com,ads
targetnet.com,ads
targetpoint.com,ads
tastefulsongs.com,ads
tatsumi-sys.jp,ads
tawdryson.com,ads
tcads.net,ads
teads.tv,ads
tealeaf.com,ads
tealium.cbsnews.com,ads
tealium.com,ads
tealiumiq.com,ads
tediousticket.com,ads
tedioustooth.com,ads
teenrevenue.com,ads
teenyvolcano.com,ads
teethfan.com,ads
telaria.com,ads
telemetrics.klaviyo.com,ads
telemetry.dropbox.com,ads
telemetry.goodlifefitness.com,ads
telemetry.malwarebytes.com,ads
telemetry.v.dropbox.com,ads
temelio.com,ads
tend.io,ads
tendertest.com,ads
terriblethumb.com,ads
text-link-ads.com,ads
textad.sexsearch.com,ads
textads.biz,ads
textlinks.com,ads
tfag.de,ads
the-ozone-project.com,ads
theadex.com,ads
theadhost.com,ads
thebugs.ws,ads
theclickads.com,ads
themoneytizer.com,ads
therapistla.com,ads
thinkablerice.com,ads
thinkitten.com,ads
thirdparty.bnc.lt,ads
thirdrespect.com,ads
thirstytwig.com,ads
thomastorch.com,ads
threechurch.com,ads
throattrees.com,ads
throtle.io,ads
thruport.com,ads
thunderhead.com,ads
tia.timeinc.net,ads
ticketaunt.com,ads
ticklesign.com,ads
ticksel.com,ads
tics.techdirt.com,ads
tidaltv.com,ads
tidint.pro,ads
tinybar.com,ads
tinytendency.com,ads
tiresomethunder.com,ads
tkbo.com,ads
tls.telemetry.swe.quicinc.com,ads
tlvmedia.com,ads
tm.br.de,ads
tnkexchange.com,ads
tns-counter.ru,ads
tntclix.co.uk,ads
toecircle.com,ads
toothbrushnote.com,ads
top-casting-termine.de,ads
top-site-list.com,ads
top.list.ru,ads
top.mail.ru,ads
top100-images.rambler.ru,ads
top100.mafia.ru,ads
top123.ro,ads
top20free.com,ads
topforall.com,ads
toplist.cz,ads
toplist.pornhost.com,ads
toplista.mw.hu,ads
toplistcity.com,ads
topsir.com,ads
topsites.com.br,ads
topstats.com,ads
totemcash.com,ads
touchclarity.com,ads
tour.brazzers.com,ads
track.adform.net,ads
track.anchorfree.com,ads
track.canva.com,ads
track.contently.com,ads
track.effiliation.com,ads
track.flexlinks.com,ads
track.flexlinkspro.com,ads
track.freemmo2017.com,ads
track.game18click.com,ads
track.lettingaproperty.com,ads
track.mailalert.io,ads
track.mailerlite.com,ads
track.miro.com,ads
track.nationalgunrights.org,ads
track.privacyatclearbit.com,ads
track.pubmatic.com,ads
track.segmetrics.io,ads
track.software-codes.com,ads
track.spe.schoolmessenger.com,ads
track.themaccleanup.info,ads
track.ultravpn.com,ads
track.unear.net,ads
track.vcdc.com,ads
track.viewdeos.com,ads
track1.viewdeos.com,ads
trackalyzer.com,ads
trackedlink.net,ads
trackedweb.net,ads
tracker-pm2.spilleren.com,ads
tracker.bannerflow.com,ads
tracker.cdnbye.com,ads
tracker.icerocket.com,ads
tracker.metricswave.com,ads
tracker.mmdlv.it,ads
tracker.samplicio.us,ads
tracker.vgame.us,ads
tracking.1-a1502-bi.co.uk,ads
tracking.1-kv015-ap.co.uk,ads
tracking.21-a4652-bi.co.uk,ads
tracking.28-91473-wbm.co.uk,ads
tracking.39-bb4a9-osm.co.uk,ads
tracking.42-01pr5-osm-secure.co.uk,ads
tracking.5-47737-bi.co.uk,ads
tracking.epicgames.com,ads
tracking.hyros.com,ads
tracking.ibxlink.com,ads
tracking.intentsify.io,ads
tracking.internetstores.de,ads
tracking.intl.miui.com,ads
tracking.jiffyworld.com,ads
tracking.markethero.io,ads
tracking.miui.com,ads
tracking.netalerts.io,ads
tracking.olx-st.com,ads
tracking.orixa-media.com,ads
tracking.shopstyle.com,ads
tracking.theoceanac.online,ads
tracking.thinkabt.com,ads
tracking.utlservice.com,ads
tracking.wetter.at,ads
tracking01.walmart.com,ads
tracking101.com,ads
tracking22.com,ads
trackingsoft.com,ads
trackmysales.com,ads
trackuhub.com,ads
tradeadexchange.com,ads
tradedoubler.com,ads
traffic-exchange.com,ads
traffic-redirecting.com,ads
traffic.hyteck.de,ads
trafficfactory.biz,ads
trafficforce.com,ads
trafficholder.com,ads
traffichunt.com,ads
trafficjunky.net,ads
trafficleader.com,ads
trafficrouter.io,ads
trafficshop.com,ads
trafficspaces.net,ads
trafficstrategies.com,ads
trafficswarm.com,ads
trafficz.com,ads
traffiq.com,ads
trafic.ro,ads
traildelsfars.com,ads
traktrafficflow.com,ads
tranquilcanyon.com,ads
tranquilplume.com,ads
tranquilside.com,ads
travis.bosscasinos.com,ads
traytouch.com,ads
trck.a8.net,ads
trcklion.com,ads
treasuredata.com,ads
trekdata.com,ads
tremendoustime.com,ads
tremorhub.com,ads
trendcounter.com,ads
trendmd.com,ads
trialfire.com,ads
tribalfusion.com,ads
trickycelery.com,ads
triplelift.com,ads
triptease.io,ads
trk.bad-tool-tell-doubt.xyz,ads
trk.bc.shutterfly.com,ads
trk.pinterest.com,ads
trk.techtarget.com,ads
trk42.net,ads
trkn.us,ads
trknths.com,ads
trkoptimizer.com,ads
trkpnt.ongage.net,ads
trmit.com,ads
truckstomatoes.com,ads
truculentrate.com,ads
truehits.net,ads
truehits1.gits.net.th,ads
truehits2.gits.net.th,ads
trust.titanhq.com,ads
trustpid.com,ads
trustx.org,ads
tsyndicate.com,ads
tsyndicate.net,ads
tubemogul.com,ads
tumbleicicle.com,ads
turboadv.com,ads
turn.com,ads
twittad.com,ads
twyn.com,ads
tynt.com,ads
typicalteeth.com,ads
tyroo.com,ads
uarating.com,ads
ucfunnel.com,ads
udkcrj.com,ads
udncoeln.com,ads
uib.ff.avast.com,ads
ukoffzeh.com,ads
ultimateclixx.com,ads
ultramercial.com,ads
ultraoranges.com,ads
unaccountablepie.com,ads
unarmedindustry.com,ads
unbecominglamp.com,ads
understoodocean.com,ads
undertone.com,ads
unknowntray.com,ads
unrulymedia.com,ads
untd.com,ads
untidyquestion.com,ads
unusualtitle.com,ads
unwieldyhealth.com,ads
unwieldyimpulse.com,ads
unwrittenspot.com,ads
upu.samsungelectronics.com,ads
urlcash.net,ads
urldata.net,ads
us.a1.yimg.com,ads
user-shield-check.com,ads
userreplay.com,ads
userreplay.net,ads
users.maxcluster.net,ads
utils.mediageneral.net,ads
utl-1.com,ads
uttermosthobbies.com,ads
uu.domainforlite.com,ads
v1.cnzz.com,ads
v1adserver.com,ads
valerie.forbes.com,ads
validclick.com,ads
valuead.com,ads
valueclick.com,ads
valueclickmedia.com,ads
valuecommerce.com,ads
vanfireworks.com,ads
vcommission.com,ads
veille-referencement.com,ads
velismedia.com,ads
venetrigni.com,ads
vengefulgrass.com,ads
ventivmedia.com,ads
venturead.com,ads
verblife-5.co,ads
vericlick.com,ads
vertamedia.com,ads
verticalmass.com,ads
vervewireless.com,ads
vibrantmedia.com,ads
vibrantsundown.com,ads
vid.pubmatic.com,ads
vidcpm.com,ads
video-stats.video.google.com,ads
videoadex.com,ads
videoegg.com,ads
videostats.kakao.com,ads
vidible.tv,ads
vidora.com,ads
view4cash.de,ads
viglink.com,ads
virtualvincent.com,ads
visiblemeasures.com,ads
visistat.com,ads
visitbox.de,ads
visual-pagerank.fr,ads
visualrevenue.com,ads
vivads.net,ads
vivtracking.com,ads
vmmpxl.com,ads
voicefive.com,ads
voicelessvein.com,ads
voicevegetable.com,ads
volatilevessel.com,ads
voluum.com,ads
voluumtrk2.com,ads
voyagepotato.com,ads
vpon.com,ads
vrs.cz,ads
vs.tucows.com,ads
vtracy.de,ads
vungle.com,ads
w55c.net,ads
wa.and.co.uk,ads
waardex.com,ads
walkets.click,ads
warlog.ru,ads
warmafterthought.com,ads
waryfog.com,ads
washbanana.com,ads
wateryvan.com,ads
wdads.sx.atl.publicus.com,ads
wdfl.co,ads
wearbasin.com,ads
web-stat.com,ads
web.informer.com,ads
web2.deja.com,ads
webads.co.nz,ads
webads.nl,ads
webanalytics.zohodcm.com,ads
webcash.nl,ads
webcontentassessor.com,ads
webcounter.cz,ads
webcounter.goweb.de,ads
webgains.com,ads
weborama.com,ads
weborama.fr,ads
webpower.com,ads
webreseau.com,ads
webseoanalytics.com,ads
websponsors.com,ads
webstat.channel4.com,ads
webstat.com,ads
webstat.net,ads
webtracker.jp,ads
webtrackerplus.com,ads
webtracky.com,ads
webtraffic.se,ads
webtraxx.de,ads
webtrends.telegraph.co.uk,ads
webtrendslive.com,ads
webxcdn.com,ads
wellmadefrog.com,ads
welved.com,ads
werbung.meteoxpress.com,ads
wetrack.it,ads
whaleads.com,ads
wheredoyoucomefrom.ovh,ads
whirlwealth.com,ads
whiskyqueue.com,ads
whispa.com,ads
whisperingcascade.com,ads
whisperingcrib.com,ads
whisperingsummit.com,ads
whoisonline.net,ads
wickedreports.com,ads
widespace.com,ads
widget.educationdynamics.com,ads
widget.privy.com,ads
wikia-ads.wikia.com,ads
win.iqm.com,ads
window.nixnet.cz,ads
wintricksbanner.googlepages.com,ads
wirecomic.com,ads
wirypaste.com,ads
wisepops.com,ads
witch-counter.de,ads
wittypopcorn.com,ads
wizaly.com,ads
wl.spotify.com,ads
wlmarketing.com,ads
womanear.com,ads
wonderlandads.com,ads
wondoads.de,ads
woopra.com,ads
worldwide-cash.net,ads
worldwidedigitalads.com,ads
worriednumber.com,ads
wryfinger.com,ads
wt-eu02.net,ads
wt.bankmillennium.pl,ads
wtlive.com,ads
www-banner.chat.ru,ads
www-google-analytics.l.google.com,ads
www.dnps.com,ads
www.kaplanindex.com,ads
www.photo-ads.co.uk,ads
www8.glam.com,ads
wwwpromoter.com,ads
x-traceur.com,ads
x6.yakiuchi.com,ads
xad.com,ads
xapads.com,ads
xchange.ro,ads
xertive.com,ads
xfreeservice.com,ads
xg4ken.com,ads
xiti.com,ads
xovq5nemr.com,ads
xplusone.com,ads
xponsor.com,ads
xpu.samsungelectronics.com,ads
xq1.net,ads
xtendmedia.com,ads
xtracker.logimeter.com,ads
xxxcounter.com,ads
xxxmyself.com,ads
y.ibsys.com,ads
yab-adimages.s3.amazonaws.com,ads
yadro.ru,ads
yamstamp.com,ads
yepads.com,ads
yesads.com,ads
yesadvertising.com,ads
yieldads.com,ads
yieldlab.net,ads
yieldmanager.net,ads
yieldmo.com,ads
yieldoptimizer.com,ads
yieldtraffic.com,ads
yldbt.com,ads
ymetrica1.com,ads
yoads.net,ads
yoggrt.com,ads
youradexchange.com,ads
ypu.samsungelectronics.com,ads
yrquuaxo.ajrimmobilier.fr,ads
zangocash.com,ads
zanox-affiliate.de,ads
zanox.com,ads
zantracker.com,ads
zarget.com,ads
zbwp6ghm.com,ads
zdbb.net,ads
zealousfield.com,ads
zedo.com,ads
zemanta.com,ads
zencudo.co.uk,ads
zenkreka.com,ads
zenzuu.com,ads
zephyrlabyrinth.com,ads
zeus.developershed.com,ads
zeusclicks.com,ads
zion-telemetry.api.cnn.io,ads
zippingcare.com,ads
zlp6s.pw,ads
zm232.com,ads
zmedia.com,ads
zpu.samsungelectronics.com,ads
zqtk.net,ads
zukxd6fkxqn.com,ads
zy16eoat1w.com,ads
zzhc.vnet.cn,ads
